,time,close,high,low,open,volumefrom,volumeto
0,2019-08-15,10308.51,10451.61,9497.12,10031.89,84438.15,842979140.9
1,2019-08-14,10031.89,10873.44,9924.58,10872.0,70125.86,728247545.72
2,2019-08-13,10872.0,11439.48,10765.3,11387.41,43742.98,483240069.77
3,2019-08-12,11387.41,11554.74,11240.38,11549.06,20181.72,229908138.9
4,2019-08-11,11549.06,11584.35,11119.32,11293.59,25734.51,292814721.19
5,2019-08-10,11293.59,11971.35,11232.42,11865.21,40869.27,470049694.45
6,2019-08-09,11865.21,12027.57,11674.06,11982.8,39230.82,464214586.73
7,2019-08-08,11982.8,12042.87,11498.04,11974.28,49871.24,588463519.89
8,2019-08-07,11974.28,12138.55,11393.98,11467.1,70893.9,834719365.81
9,2019-08-06,11467.1,12316.85,11224.1,11807.96,80694.71,949534020.01
10,2019-08-05,11807.96,11945.38,10978.89,10978.91,74748.53,870917186.96
11,2019-08-04,10978.91,11074.95,10572.24,10820.41,39795.33,431699306.35
12,2019-08-03,10820.41,10915.0,10509.35,10528.99,34102.93,367536516.75
13,2019-08-02,10528.99,10666.64,10340.82,10409.79,44213.09,463688251.79
14,2019-08-01,10409.79,10488.81,9890.49,10089.25,43505.11,442037342.05
15,2019-07-31,10089.25,10123.94,9581.6,9595.52,42030.01,416343142.53
16,2019-07-30,9595.52,9749.53,9391.78,9506.93,28856.19,276402322.56
17,2019-07-29,9506.93,9717.69,9386.9,9531.77,31434.4,299936368.39
18,2019-07-28,9531.77,9591.52,9135.64,9478.32,28313.55,267243770.14
19,2019-07-27,9478.32,10202.95,9310.47,9847.45,53081.42,512612117.07
20,2019-07-26,9847.45,9890.05,9668.52,9882.43,31960.31,312717110.04
21,2019-07-25,9882.43,10184.43,9744.7,9772.14,40285.56,403576364.36
22,2019-07-24,9772.14,9920.54,9535.78,9854.15,54750.78,531611909.42
23,2019-07-23,9854.15,10328.44,9820.61,10325.87,52754.02,529438124.08
24,2019-07-22,10325.87,10676.6,10072.07,10586.71,50574.02,524442852.25
25,2019-07-21,10586.71,10833.99,10329.89,10759.42,38379.41,405339891.1
26,2019-07-20,10759.42,11094.32,10379.19,10532.94,56766.57,608954333.23
27,2019-07-19,10532.94,10757.41,10135.16,10638.35,62995.33,658190962.53
28,2019-07-18,10638.35,10776.54,9292.61,9696.15,102443.07,1033842556.65
29,2019-07-17,9696.15,9982.24,9086.51,9423.44,101032.08,965256823.84
30,2019-07-16,9423.44,11025.76,9366.82,10850.26,113537.84,1140137759.72
31,2019-07-15,10850.26,11070.18,9877.02,10204.41,92742.77,965178341.63
32,2019-07-14,10204.41,11447.92,10118.85,11363.97,76310.21,814667763.32
33,2019-07-13,11363.97,11835.87,10827.53,11797.37,59187.84,668325183.28
34,2019-07-12,11797.37,11931.91,11096.61,11343.12,55994.89,647690095.15
35,2019-07-11,11343.12,12099.91,11002.39,12099.12,102929.11,1185222449.66
36,2019-07-10,12099.12,13183.73,11569.94,12567.02,124523.09,1554955347.89
37,2019-07-09,12567.02,12808.06,12117.31,12296.16,79607.47,993891866.34
38,2019-07-08,12296.16,12386.28,11339.02,11474.28,63847.27,762033323.29
39,2019-07-07,11474.28,11605.43,11109.42,11248.94,36847.21,418161890.29
40,2019-07-06,11248.94,11709.27,10985.4,10993.25,48172.2,549769169.13
41,2019-07-05,10993.25,11435.38,10787.94,11156.52,66066.75,734424868.07
42,2019-07-04,11156.52,12055.11,11067.68,11981.61,71141.03,831236841.56
43,2019-07-03,11981.61,12009.59,10841.91,10844.13,115565.16,1313585829.89
44,2019-07-02,10844.13,10927.6,9678.1,10591.87,120994.95,1239524970.43
45,2019-07-01,10591.87,11207.0,10006.43,10769.05,115739.97,1225129699.57
46,2019-06-30,10769.05,12200.02,10677.83,11884.1,80893.36,917158052.37
47,2019-06-29,11884.1,12362.9,11352.27,12355.06,81875.16,968516834.6
48,2019-06-28,12355.06,12433.0,10772.75,11154.09,120700.97,1408438810.31
49,2019-06-27,11154.09,13314.05,10335.34,12913.28,202428.68,2345027203.81
50,2019-06-26,12913.28,13826.76,11679.1,11740.34,211449.88,2685872365.1
51,2019-06-25,11740.34,11778.22,10992.37,11035.74,84123.73,953962631.15
52,2019-06-24,11035.74,11100.92,10555.71,10855.99,52118.36,565444720.43
53,2019-06-23,10855.99,11285.51,10513.81,10689.54,57082.02,619160985.99
54,2019-06-22,10689.54,11207.97,10086.32,10218.87,115793.98,1240328392.49
55,2019-06-21,10218.87,10230.86,9536.85,9536.85,77828.7,765543626.6
56,2019-06-20,9536.85,9600.28,9219.81,9280.54,45144.43,424436854.57
57,2019-06-19,9280.54,9313.18,9045.47,9081.71,32012.68,293070485.25
58,2019-06-18,9081.71,9357.22,8941.83,9336.01,51829.13,473016555.83
59,2019-06-17,9336.01,9468.85,8976.99,8979.18,65486.04,606269265.79
60,2019-06-16,8979.18,9372.89,8800.96,8853.56,84289.2,767025702.52
61,2019-06-15,8853.56,8905.14,8621.48,8693.96,38140.15,333656492.38
62,2019-06-14,8693.96,8724.42,8180.39,8235.57,50383.98,424131990.84
63,2019-06-13,8235.57,8326.2,8053.65,8174.14,38536.25,315594036.87
64,2019-06-12,8174.14,8250.0,7834.57,7917.32,49460.34,399065678.38
65,2019-06-11,7917.32,8049.78,7724.58,8021.0,35850.45,282632009.38
66,2019-06-10,8021.0,8061.5,7533.53,7643.44,43154.98,339520552.04
67,2019-06-09,7643.44,7964.75,7535.9,7933.78,30301.73,234551796.21
68,2019-06-08,7933.78,8058.91,7796.46,8002.63,23469.94,186055499.51
69,2019-06-07,8002.63,8127.63,7767.37,7807.36,51105.14,407241297.23
70,2019-06-06,7807.36,7872.1,7467.52,7791.29,44397.47,342084400.02
71,2019-06-05,7791.29,7917.14,7591.88,7677.47,49771.65,387021977.02
72,2019-06-04,7677.47,8114.49,7463.94,8114.49,103552.9,809220381.24
73,2019-06-03,8114.49,8740.24,8073.18,8737.91,63486.15,534972187.72
74,2019-06-02,8737.91,8819.9,8547.48,8555.87,25506.14,221708083.06
75,2019-06-01,8555.87,8619.21,8459.65,8550.67,26884.15,229736992.43
76,2019-05-31,8550.67,8570.78,8116.0,8276.25,60143.23,502056527.56
77,2019-05-30,8276.25,9065.89,8027.21,8664.56,95189.06,815525590.67
78,2019-05-29,8664.56,8760.48,8444.1,8718.85,44056.71,380343928.72
79,2019-05-28,8718.85,8818.71,8562.2,8785.17,41445.13,360752199.95
80,2019-05-27,8785.17,8931.53,8668.46,8726.23,57692.17,507164714.76
81,2019-05-26,8726.23,8779.0,7894.53,8059.13,57648.95,483663699.62
82,2019-05-25,8059.13,8140.82,7948.68,7996.4,22294.65,179206342.03
83,2019-05-24,7996.4,8165.45,7801.57,7876.5,51604.15,413162746.86
84,2019-05-23,7876.5,7971.26,7478.74,7626.89,50121.07,386766321.19
85,2019-05-22,7626.89,8033.76,7533.66,7947.93,54216.74,424501866.33
86,2019-05-21,7947.93,8102.32,7807.77,7998.29,45005.01,357803946.85
87,2019-05-20,7998.29,8193.14,7591.85,8193.14,80672.83,637617163.27
88,2019-05-19,8193.14,8281.66,7257.26,7266.08,91218.12,723011166.2
89,2019-05-18,7266.08,7491.67,7213.72,7371.96,41327.89,303317486.98
90,2019-05-17,7371.96,7930.98,6668.67,7874.11,141482.93,1023961962.83
91,2019-05-16,7874.11,8352.25,7679.05,8183.83,95341.68,762104107.69
92,2019-05-15,8183.83,8263.29,7849.92,7980.13,86162.62,694202804.31
93,2019-05-14,7980.13,8297.02,7631.34,7806.36,122383.06,976094121.29
94,2019-05-13,7806.36,8127.75,6873.42,6977.63,149082.57,1140302646.6
95,2019-05-12,6977.63,7541.61,6793.21,7191.36,142892.25,1023203366.46
96,2019-05-11,7191.36,7394.94,6357.02,6358.29,135248.42,933141315.95
97,2019-05-10,6358.29,6444.57,6133.21,6171.96,68160.13,430403405.14
98,2019-05-09,6171.96,6194.91,5988.65,5998.71,51005.27,310336580.16
99,2019-05-08,5998.71,6032.25,5753.08,5819.57,40967.62,241917027.36
100,2019-05-07,5819.57,6031.54,5748.17,5748.17,59556.89,353043890.95
101,2019-05-06,5748.17,5823.67,5644.15,5794.14,34979.71,200316185.51
102,2019-05-05,5794.14,5849.5,5709.74,5840.08,25481.48,147662500.76
103,2019-05-04,5840.08,5901.36,5596.15,5753.38,45628.34,263390273.68
104,2019-05-03,5753.38,5891.9,5484.78,5500.72,75434.86,432335283.61
105,2019-05-02,5500.72,5531.15,5387.29,5389.54,35089.37,192256639.91
106,2019-05-01,5389.54,5417.17,5346.7,5350.64,27410.57,147345369.73
107,2019-04-30,5350.64,5372.23,5224.64,5237.96,32567.46,172540196.26
108,2019-04-29,5237.96,5299.51,5162.81,5272.45,31947.44,167206787.27
109,2019-04-28,5272.45,5313.7,5218.42,5233.47,25294.87,133564683.52
110,2019-04-27,5229.48,5282.97,5192.45,5234.09,21692.98,113430273.96
111,2019-04-26,5234.09,5361.94,5104.18,5162.67,70191.21,366773360.18
112,2019-04-25,5162.67,5521.61,5031.69,5454.58,70755.72,374798664.87
113,2019-04-24,5454.58,5633.0,5390.98,5539.1,61651.16,339093001.24
114,2019-04-23,5539.1,5626.83,5371.31,5394.67,66448.85,368556751.66
115,2019-04-22,5394.67,5444.76,5265.73,5305.74,45346.65,242498187.66
116,2019-04-21,5305.74,5348.59,5232.77,5326.18,25466.81,134681237.4
117,2019-04-20,5326.18,5366.6,5274.45,5295.53,23214.49,123577001.56
118,2019-04-19,5295.53,5353.01,5212.18,5289.75,30109.97,158699049.55
119,2019-04-18,5289.75,5317.78,5232.99,5236.26,35511.12,187312150.44
120,2019-04-17,5236.26,5270.76,5190.81,5212.81,37225.68,194699629.15
121,2019-04-16,5212.81,5232.03,5029.16,5037.27,40370.0,207311534.31
122,2019-04-15,5037.27,5195.31,4969.31,5165.59,40402.46,205867031.18
123,2019-04-14,5165.59,5186.82,5031.2,5080.66,21193.03,108148233.81
124,2019-04-13,5080.66,5128.96,5056.19,5081.5,23342.24,118956124.9
125,2019-04-12,5081.5,5118.61,4927.62,5048.56,43762.94,220667543.59
126,2019-04-11,5048.56,5343.66,4987.65,5318.6,69622.86,356811374.12
127,2019-04-10,5318.6,5460.94,5178.61,5201.3,65813.81,349643837.46
128,2019-04-09,5201.3,5294.09,5159.13,5294.09,48552.25,253577595.39
129,2019-04-08,5294.09,5347.88,5141.23,5201.16,69803.56,366577921.18
130,2019-04-07,5201.16,5266.04,5044.28,5057.25,47200.43,243329883.48
131,2019-04-06,5057.25,5240.19,4938.0,5047.23,54180.91,275839573.8
132,2019-04-05,5047.23,5074.13,4897.61,4913.36,56130.82,280722247.3
133,2019-04-04,4913.36,5071.98,4799.77,4976.59,74544.88,370109007.61
134,2019-04-03,4976.59,5335.7,4831.59,4906.93,159843.43,809158339.99
135,2019-04-02,4906.93,5104.42,4147.7,4151.32,172473.31,814748125.73
136,2019-04-01,4151.32,4164.33,4082.2,4112.69,36921.55,152826759.02
137,2019-03-31,4112.69,4129.43,4098.79,4118.13,13792.73,56727425.19
138,2019-03-30,4118.13,4146.88,4066.87,4111.38,24906.26,102400533.82
139,2019-03-29,4111.38,4122.89,4031.22,4036.45,41843.31,170915132.77
140,2019-03-28,4036.45,4046.44,4014.69,4045.98,25343.13,102296341.19
141,2019-03-27,4045.98,4054.32,3932.79,3942.22,37132.4,149005782.26
142,2019-03-26,3942.22,3943.2,3902.52,3924.55,23873.14,93805733.55
143,2019-03-25,3924.55,4005.29,3887.68,3994.11,34191.84,136398998.18
144,2019-03-24,3994.11,4010.3,3970.35,4007.21,16111.98,64375076.75
145,2019-03-23,4007.21,4019.36,3982.47,4000.84,18486.22,74094017.72
146,2019-03-22,4000.84,4018.21,3984.0,3996.93,22671.75,90726555.79
147,2019-03-21,3996.93,4082.29,3953.53,4056.75,44251.52,178077036.22
148,2019-03-20,4056.75,4064.95,3995.49,4024.14,36862.09,148490744.9
149,2019-03-19,4024.14,4032.04,3972.47,3988.85,29686.2,118919147.36
150,2019-03-18,3988.85,4038.99,3964.31,3998.0,27416.92,109428478.54
151,2019-03-17,3998.0,4030.38,3970.97,4027.01,17033.6,68146133.16
152,2019-03-16,4027.01,4069.11,3924.98,3927.08,41319.81,166216280.52
153,2019-03-15,3927.08,3935.1,3876.17,3881.44,32133.02,125588541.02
154,2019-03-14,3881.44,3922.21,3825.03,3878.44,34554.38,133931876.12
155,2019-03-13,3878.44,3898.25,3853.06,3888.57,27922.69,108286926.77
156,2019-03-12,3888.57,3904.7,3827.23,3874.89,33655.37,130291591.54
157,2019-03-11,3874.89,3941.99,3849.45,3929.84,32708.55,126998648.6
158,2019-03-10,3929.84,3948.21,3897.82,3947.74,17404.16,68252920.53
159,2019-03-09,3947.74,3975.25,3860.66,3868.02,27600.01,108370246.04
160,2019-03-08,3868.02,3932.02,3804.98,3882.61,39428.25,153405087.61
161,2019-03-07,3882.61,3911.76,3853.2,3874.98,37619.38,146201726.67
162,2019-03-06,3874.98,3916.29,3839.39,3874.18,33536.95,129520549.49
163,2019-03-05,3874.18,3893.52,3720.49,3731.28,43262.3,165062256.27
164,2019-03-04,3731.28,3831.01,3705.14,3812.31,39278.22,147245676.28
165,2019-03-03,3812.31,3853.28,3788.04,3842.94,16769.86,64065044.79
166,2019-03-02,3842.94,3846.38,3790.74,3831.48,19283.71,73894412.97
167,2019-03-01,3831.48,3866.12,3822.67,3823.37,26522.34,101774924.71
168,2019-02-28,3823.37,3909.86,3798.0,3830.72,44353.45,170646670.66
169,2019-02-27,3830.72,3851.84,3699.53,3817.88,46011.1,175069054.72
170,2019-02-26,3817.88,3852.66,3791.9,3845.51,33253.08,126868886.89
171,2019-02-25,3845.51,3885.06,3771.53,3771.62,48406.42,185036583.31
172,2019-02-24,3771.62,4221.62,3755.38,4149.09,80391.72,319071544.94
173,2019-02-23,4149.09,4192.39,3948.48,3983.53,57002.5,231174632.28
174,2019-02-22,3983.53,3996.15,3917.66,3937.04,43006.55,170405341.81
175,2019-02-21,3937.04,4026.54,3900.28,3974.05,47433.87,187314178.85
176,2019-02-20,3974.05,3992.31,3898.91,3924.24,53048.95,209282292.49
177,2019-02-19,3924.24,4010.91,3882.52,3912.57,74127.62,292137057.43
178,2019-02-18,3912.57,3952.44,3661.42,3670.92,98728.99,376203280.43
179,2019-02-17,3670.92,3706.17,3608.18,3617.24,36849.32,134218331.16
180,2019-02-16,3617.24,3639.75,3592.04,3593.49,24003.59,86973822.79
181,2019-02-15,3593.49,3640.65,3575.95,3588.72,36251.38,130398989.33
182,2019-02-14,3588.72,3619.7,3567.39,3605.87,32779.35,117804856.32
183,2019-02-13,3605.87,3655.89,3590.01,3617.41,40664.15,146822348.57
184,2019-02-12,3617.41,3648.67,3574.22,3611.34,45717.05,164816438.53
185,2019-02-11,3611.34,3688.59,3608.18,3685.14,40461.58,146354074.39
186,2019-02-10,3685.14,3689.32,3611.46,3652.26,30046.26,109365095.98
187,2019-02-09,3652.26,3673.71,3616.11,3660.03,25880.75,94200588.34
188,2019-02-08,3660.03,3735.1,3363.32,3375.33,89444.22,317023029.42
189,2019-02-07,3375.33,3406.54,3369.1,3394.89,28811.35,97390901.92
190,2019-02-06,3394.89,3459.33,3362.24,3447.66,44281.79,150408587.85
191,2019-02-05,3447.66,3447.88,3415.67,3431.24,24459.49,84042727.18
192,2019-02-04,3431.24,3470.8,3429.21,3449.62,23959.61,82280894.52
193,2019-02-03,3449.62,3514.43,3424.42,3508.68,23044.88,79591219.11
194,2019-02-02,3508.68,3519.14,3441.21,3461.63,27103.48,94144187.11
195,2019-02-01,3461.63,3478.55,3398.96,3434.13,41976.43,144476056.44
196,2019-01-31,3434.13,3499.78,3422.83,3467.21,37365.7,128773893.15
197,2019-01-30,3467.21,3488.91,3395.94,3418.25,42399.63,146422486.1
198,2019-01-29,3418.25,3463.2,3369.19,3453.42,46304.1,158106687.0
199,2019-01-28,3453.42,3567.56,3402.56,3565.08,59700.11,206309738.62
200,2019-01-27,3565.08,3605.99,3511.29,3596.5,26261.48,93766117.67
201,2019-01-26,3596.5,3676.4,3578.62,3582.89,29201.1,105927045.55
202,2019-01-25,3582.89,3607.43,3539.41,3598.52,32679.69,116674680.78
203,2019-01-24,3598.52,3616.33,3546.5,3572.05,31630.57,113155246.95
204,2019-01-23,3572.05,3631.15,3543.96,3602.04,37910.4,135864247.56
205,2019-01-22,3602.04,3635.69,3473.77,3571.92,53586.91,191355241.84
206,2019-01-21,3571.92,3599.83,3535.19,3567.73,36101.4,129000924.6
207,2019-01-20,3567.73,3754.65,3529.25,3729.78,49198.37,177628515.93
208,2019-01-19,3729.78,3799.62,3643.01,3648.05,38341.35,143238228.4
209,2019-01-18,3648.05,3685.39,3620.44,3685.3,32418.99,118317804.97
210,2019-01-17,3685.3,3695.28,3586.92,3643.99,46181.32,168287506.1
211,2019-01-16,3643.99,3704.37,3611.38,3621.24,53843.55,196211595.54
212,2019-01-15,3621.24,3724.3,3590.49,3703.9,54154.65,198582447.53
213,2019-01-14,3703.9,3748.88,3544.53,3551.24,56099.99,204793029.92
214,2019-01-13,3551.24,3675.2,3528.24,3664.38,45682.73,164125048.97
215,2019-01-12,3664.38,3692.12,3611.2,3669.2,28343.28,103912541.38
216,2019-01-11,3669.2,3729.69,3616.41,3668.15,63070.18,231465488.1
217,2019-01-10,3668.15,4085.09,3631.07,4048.34,108277.01,412522198.13
218,2019-01-09,4048.34,4092.91,4013.0,4040.75,55130.13,223639028.92
219,2019-01-08,4040.75,4156.16,3990.34,4050.4,65973.5,268091045.44
220,2019-01-07,4050.4,4132.62,4001.35,4102.85,51541.23,209289368.14
221,2019-01-06,4102.85,4145.16,3829.09,3855.39,58878.99,236298043.75
222,2019-01-05,3855.39,3926.92,3841.13,3874.06,35766.65,139438510.18
223,2019-01-04,3874.06,3901.65,3783.88,3835.86,44398.9,170507611.15
224,2019-01-03,3835.86,3965.52,3778.76,3961.01,45585.19,176488072.06
225,2019-01-02,3961.01,3989.59,3826.29,3880.15,54034.73,210854603.84
226,2019-01-01,3880.15,3938.75,3696.94,3747.39,45104.29,170598307.96
227,2018-12-31,3747.39,3904.28,3701.48,3896.21,54221.49,206190463.74
228,2018-12-30,3896.21,3925.18,3760.8,3797.06,49797.04,191958416.81
229,2018-12-29,3797.06,4004.14,3774.38,3947.86,54702.16,214891355.42
230,2018-12-28,3947.86,4007.71,3628.43,3646.09,92882.41,353705007.17
231,2018-12-27,3646.09,3888.92,3622.39,3848.78,81652.77,305729129.14
232,2018-12-26,3848.78,3923.93,3746.86,3834.73,68965.06,263439573.84
233,2018-12-25,3834.73,4094.61,3734.85,4081.95,95683.55,367200910.64
234,2018-12-24,4081.95,4303.37,4006.6,4007.63,109869.44,459290147.24
235,2018-12-23,4007.63,4117.65,3972.39,4045.24,58294.45,235997621.23
236,2018-12-22,4045.24,4060.34,3849.23,3898.81,63672.55,250085915.72
237,2018-12-21,3898.81,4247.71,3831.2,4137.66,128508.13,516656937.13
238,2018-12-20,4137.66,4225.52,3712.82,3736.54,180025.9,724855205.51
239,2018-12-19,3736.54,3969.7,3693.57,3715.85,163016.15,620695447.39
240,2018-12-18,3715.85,3727.99,3481.46,3548.19,91609.53,327807644.75
241,2018-12-17,3548.19,3639.65,3239.06,3255.37,119831.24,412454521.38
242,2018-12-16,3255.37,3319.83,3227.4,3232.51,45102.51,148182655.41
243,2018-12-15,3232.51,3271.76,3169.53,3235.48,51317.37,165378769.6
244,2018-12-14,3235.48,3333.24,3180.97,3305.11,89133.43,290985461.02
245,2018-12-13,3305.11,3493.76,3272.81,3485.59,84592.04,286236674.73
246,2018-12-12,3485.59,3545.37,3380.48,3401.02,74415.95,257293632.74
247,2018-12-11,3401.02,3483.58,3348.98,3467.16,67519.71,230671778.42
248,2018-12-10,3467.16,3645.49,3416.77,3592.84,81855.33,287119758.11
249,2018-12-09,3592.84,3718.58,3436.5,3461.07,83347.79,295321498.63
250,2018-12-08,3461.07,3602.49,3295.21,3420.57,104091.14,357548590.53
251,2018-12-07,3420.57,3576.11,3248.0,3485.18,206088.47,699930576.16
252,2018-12-06,3485.18,3883.43,3467.92,3737.53,159523.77,590923562.42
253,2018-12-05,3737.53,3961.8,3719.19,3948.44,83811.55,320944415.67
254,2018-12-04,3948.44,4082.68,3770.92,3871.41,94655.27,373361232.89
255,2018-12-03,3871.41,4159.01,3795.18,4143.86,107400.61,423985399.83
256,2018-12-02,4143.86,4318.79,4077.67,4197.7,62748.83,262154694.41
257,2018-12-01,4197.46,4309.65,3942.62,4009.67,67774.58,280927570.31
258,2018-11-30,4009.67,4331.07,3916.3,4286.85,121993.57,497762735.43
259,2018-11-29,4286.69,4444.39,4130.68,4263.52,112103.36,479575430.64
260,2018-11-28,4263.55,4398.57,3822.94,3822.99,175435.76,726808596.57
261,2018-11-27,3822.99,3878.9,3613.11,3784.77,147999.31,555212127.53
262,2018-11-26,3784.59,4124.7,3598.81,4004.46,185985.76,715341714.72
263,2018-11-25,4004.15,4165.93,3550.04,3854.11,213926.98,819869496.19
264,2018-11-24,3854.11,4432.0,3741.2,4343.42,123090.79,503028289.39
265,2018-11-23,4343.42,4419.48,4157.19,4320.68,121719.16,521825987.75
266,2018-11-22,4320.68,4640.72,4297.21,4593.04,83715.43,376852837.57
267,2018-11-21,4593.04,4689.55,4315.58,4441.81,152286.19,686284917.84
268,2018-11-20,4441.81,4953.56,4168.25,4809.62,315023.21,1433400842.16
269,2018-11-19,4809.62,5615.98,4757.01,5615.26,207964.38,1072037780.45
270,2018-11-18,5615.26,5701.35,5567.95,5567.95,41702.04,233409182.46
271,2018-11-17,5568.94,5602.01,5524.7,5586.97,29517.8,164182152.19
272,2018-11-16,5586.27,5676.54,5487.87,5647.5,71050.83,397196182.83
273,2018-11-15,5647.5,5767.06,5300.75,5740.51,147895.07,820864013.96
274,2018-11-14,5741.47,6375.7,5469.93,6339.17,178422.8,1045469380.16
275,2018-11-13,6339.17,6389.43,6315.58,6375.08,35761.27,227689745.72
276,2018-11-12,6375.08,6435.41,6350.87,6408.18,28338.62,181575610.86
277,2018-11-11,6408.18,6414.18,6326.38,6396.39,20337.03,130156001.58
278,2018-11-10,6396.37,6419.92,6376.17,6377.99,14658.42,94313328.59
279,2018-11-09,6377.99,6457.97,6352.45,6446.06,37086.04,237893036.71
280,2018-11-08,6446.06,6542.42,6438.27,6530.94,42073.45,273205386.68
281,2018-11-07,6529.68,6562.79,6476.59,6479.72,55100.44,360052788.55
282,2018-11-06,6479.72,6482.81,6412.56,6433.53,37162.36,239808254.25
283,2018-11-05,6433.74,6475.8,6406.69,6467.05,24142.0,155758902.3
284,2018-11-04,6467.05,6498.16,6351.92,6376.55,27317.02,175805188.92
285,2018-11-03,6376.32,6398.09,6336.96,6394.65,28808.38,183565304.27
286,2018-11-02,6394.66,6420.93,6371.57,6381.3,27987.6,179385606.7
287,2018-11-01,6381.3,6402.59,6322.6,6342.81,31397.71,199861220.45
288,2018-10-31,6342.61,6391.25,6241.49,6309.11,38823.41,245357244.49
289,2018-10-30,6309.11,6340.68,6286.3,6314.38,42701.22,269592154.08
290,2018-10-29,6313.91,6483.39,6282.58,6470.74,53760.53,342463526.52
291,2018-10-28,6470.74,6483.24,6444.74,6470.17,16806.73,109118160.99
292,2018-10-27,6470.17,6479.0,6445.95,6457.21,19092.86,124066466.34
293,2018-10-26,6457.21,6514.0,6441.81,6462.77,33284.54,215447656.36
294,2018-10-25,6462.77,6497.9,6432.3,6476.52,35706.92,231214963.95
295,2018-10-24,6476.25,6538.35,6465.73,6470.63,34111.66,222068131.83
296,2018-10-23,6470.22,6496.2,6438.99,6484.32,34071.62,220913293.6
297,2018-10-22,6483.23,6531.23,6460.38,6509.87,31239.03,202766914.4
298,2018-10-21,6509.87,6557.39,6474.47,6490.6,16019.49,105283929.06
299,2018-10-20,6490.56,6645.2,6395.45,6469.28,19543.75,127185847.78
300,2018-10-19,6469.28,6503.09,6449.36,6489.37,36599.64,237855085.41
301,2018-10-18,6488.72,6616.27,6445.05,6576.4,50725.31,331761115.45
302,2018-10-17,6574.52,6589.2,6511.6,6583.05,33538.55,220418636.64
303,2018-10-16,6583.05,6724.91,6545.54,6612.69,49191.34,324232509.78
304,2018-10-15,6612.36,7234.83,6244.77,6277.73,177320.05,1190524168.21
305,2018-10-14,6277.73,6346.56,6247.17,6267.27,34130.1,215422888.18
306,2018-10-13,6267.27,6280.73,6238.92,6252.1,21914.85,137705035.59
307,2018-10-12,6250.85,6296.56,6173.86,6209.47,46195.91,289840137.45
308,2018-10-11,6209.47,6581.59,6171.95,6581.07,104258.49,654924117.8
309,2018-10-10,6581.07,6633.22,6487.86,6631.79,49264.39,323664963.18
310,2018-10-09,6631.79,6657.0,6589.39,6650.07,32204.25,213976678.23
311,2018-10-08,6650.07,6698.31,6565.01,6601.46,47216.82,313507433.75
312,2018-10-07,6601.15,6622.49,6535.02,6589.94,27272.67,179378859.39
313,2018-10-06,6589.94,6637.08,6563.25,6632.88,24787.61,162722103.98
314,2018-10-05,6632.87,6683.55,6546.98,6580.0,39731.28,262562344.98
315,2018-10-04,6579.79,6622.32,6486.86,6492.61,42142.96,277614018.45
316,2018-10-03,6492.26,6537.07,6428.98,6525.46,47186.0,306385346.59
317,2018-10-02,6525.47,6618.95,6478.04,6594.98,40624.2,267166277.79
318,2018-10-01,6594.98,6662.6,6510.54,6623.82,38926.98,256959931.63
319,2018-09-30,6623.71,6741.96,6543.68,6603.75,26335.14,174302164.09
320,2018-09-29,6603.75,6635.42,6474.23,6635.4,37296.34,245055396.51
321,2018-09-28,6635.38,6806.1,6545.41,6686.13,74353.41,497340510.07
322,2018-09-27,6686.13,6733.94,6434.76,6462.6,52542.0,345096700.08
323,2018-09-26,6462.6,6543.92,6383.16,6437.74,40752.6,264402806.65
324,2018-09-25,6437.74,6583.54,6333.21,6583.53,65381.85,420279170.44
325,2018-09-24,6583.53,6717.6,6557.82,6702.73,48934.13,324660682.66
326,2018-09-23,6702.7,6768.56,6663.9,6716.6,25143.83,169080003.37
327,2018-09-22,6716.6,6834.49,6633.01,6762.07,38829.87,261159308.22
328,2018-09-21,6762.06,6785.22,6501.01,6505.97,85295.46,569642976.25
329,2018-09-20,6505.9,6551.93,6361.33,6398.83,46802.06,301619960.91
330,2018-09-19,6398.8,6522.9,6131.02,6346.44,71293.01,452379323.08
331,2018-09-18,6346.44,6393.39,6238.25,6261.33,55076.95,348485895.37
332,2018-09-17,6261.48,6538.82,6216.83,6502.44,62738.57,399675966.34
333,2018-09-16,6502.44,6525.05,6404.31,6522.68,30897.54,200545603.1
334,2018-09-15,6522.08,6573.19,6473.47,6485.39,31894.67,208349557.0
335,2018-09-14,6486.01,6591.59,6393.84,6492.17,58029.07,377989402.01
336,2018-09-13,6492.0,6534.89,6337.08,6337.08,65684.53,425090869.76
337,2018-09-12,6337.11,6357.89,6208.28,6295.54,52814.83,332537236.17
338,2018-09-11,6295.54,6415.51,6199.19,6324.43,51401.22,324512939.85
339,2018-09-10,6324.43,6371.42,6247.64,6249.07,50695.88,320435279.61
340,2018-09-09,6249.07,6451.25,6161.83,6200.23,38701.0,244400344.41
341,2018-09-08,6200.16,6480.57,6134.76,6413.12,49719.12,317380272.09
342,2018-09-07,6411.78,6549.39,6345.48,6515.42,53170.79,344487244.01
343,2018-09-06,6515.42,6727.19,6295.11,6705.06,127586.04,823309044.3
344,2018-09-05,6705.03,7401.43,6694.06,7369.89,113370.51,797851163.66
345,2018-09-04,7369.86,7417.65,7246.76,7270.05,46681.9,343762001.58
346,2018-09-03,7270.05,7350.58,7204.89,7301.25,42451.23,309327793.27
347,2018-09-02,7301.26,7384.38,7144.71,7203.46,61424.38,447453370.83
348,2018-09-01,7203.46,7272.03,7025.58,7026.96,41873.76,300301833.39
349,2018-08-31,7026.96,7096.73,6903.08,6998.76,49774.38,349131152.81
350,2018-08-30,6998.76,7072.64,6818.69,7051.61,61266.88,425475685.56
351,2018-08-29,7052.0,7137.47,6944.76,7091.38,50361.95,356139022.3
352,2018-08-28,7091.38,7136.71,6877.2,6915.92,69448.01,487789642.0
353,2018-08-27,6915.73,6944.21,6674.84,6720.6,59984.28,405769271.5
354,2018-08-26,6720.6,6793.17,6588.48,6749.71,39682.91,265820591.17
355,2018-08-25,6749.56,6808.89,6684.19,6708.94,38189.09,258296664.16
356,2018-08-24,6708.96,6736.83,6481.76,6539.13,58037.12,382456858.97
357,2018-08-23,6538.95,6575.28,6356.96,6366.14,52740.3,340811486.77
358,2018-08-22,6366.13,6890.79,6264.34,6491.09,116096.61,764005011.18
359,2018-08-21,6491.11,6506.69,6259.81,6270.09,61753.86,396746063.37
360,2018-08-20,6269.9,6537.54,6248.39,6502.24,61983.28,397981291.82
361,2018-08-19,6502.18,6560.88,6330.56,6405.74,39452.94,253984821.8
362,2018-08-18,6405.71,6622.16,6322.44,6591.18,52093.8,336744293.81
363,2018-08-17,6591.16,6594.72,6300.45,6323.81,73383.05,477089455.56
364,2018-08-16,6323.81,6478.07,6217.33,6274.22,71357.92,454679037.36
365,2018-08-15,6274.22,6620.07,6193.63,6199.63,132926.33,852103141.83
366,2018-08-14,6199.6,6266.5,5891.87,6263.2,125196.64,759847789.73
367,2018-08-13,6263.2,6545.02,6157.03,6322.41,71073.56,452431672.68
368,2018-08-12,6322.92,6483.39,6176.89,6242.53,57916.23,366460108.69
369,2018-08-11,6242.54,6488.55,6014.26,6152.95,87651.14,545722619.11
370,2018-08-10,6153.41,6582.14,6025.91,6543.25,100856.92,639457019.98
371,2018-08-09,6543.24,6631.23,6195.02,6285.06,89588.13,575748446.38
372,2018-08-08,6285.02,6723.99,6133.03,6723.29,130417.52,838853615.89
373,2018-08-07,6723.21,7150.86,6685.02,6945.77,82683.83,575690006.27
374,2018-08-06,6945.78,7160.4,6854.79,7042.57,58545.04,410408444.75
375,2018-08-05,7042.39,7092.53,6898.31,7017.89,52556.01,368914046.39
376,2018-08-04,7017.89,7490.89,6940.15,7417.6,74300.44,534002935.97
377,2018-08-03,7417.6,7542.49,7296.76,7542.34,79126.57,586982505.83
378,2018-08-02,7542.34,7713.32,7470.86,7610.9,55711.79,424093581.76
379,2018-08-01,7610.9,7760.74,7449.31,7736.25,78466.58,595404848.88
380,2018-07-31,7735.3,8176.27,7663.7,8176.08,97152.13,765186307.24
381,2018-07-30,8176.06,8273.61,7867.44,8216.7,83918.76,681120739.99
382,2018-07-29,8216.78,8291.55,8123.53,8230.82,34073.43,280233415.98
383,2018-07-28,8230.87,8238.04,8070.04,8182.88,36136.12,295872316.42
384,2018-07-27,8182.89,8278.01,7806.25,7937.1,80336.48,646256012.09
385,2018-07-26,7937.25,8302.24,7862.67,8170.37,78993.93,643953970.45
386,2018-07-25,8170.23,8481.11,8061.07,8395.81,89988.19,736530740.43
387,2018-07-24,8395.82,8485.71,7692.16,7718.0,143800.43,1166560702.13
388,2018-07-23,7718.0,7798.59,7376.66,7398.64,96722.04,745533303.01
389,2018-07-22,7398.64,7569.28,7345.25,7405.4,47479.76,355565264.85
390,2018-07-21,7405.4,7453.07,7220.37,7333.93,40295.77,297440355.21
391,2018-07-20,7333.93,7676.55,7279.34,7477.1,80874.93,603034414.79
392,2018-07-19,7477.5,7563.7,7289.9,7383.39,70179.39,522544440.45
393,2018-07-18,7383.39,7590.65,7253.71,7326.76,105818.71,788460811.94
394,2018-07-17,7326.7,7476.24,6677.56,6740.54,112707.21,799401451.35
395,2018-07-16,6740.55,6761.84,6349.83,6364.26,74798.53,494264915.91
396,2018-07-15,6364.26,6401.5,6245.75,6268.32,34225.9,218543291.78
397,2018-07-14,6268.75,6332.46,6190.18,6229.61,27713.18,174416786.37
398,2018-07-13,6229.83,6349.21,6131.54,6253.66,50964.41,319802271.97
399,2018-07-12,6253.6,6394.93,6084.0,6394.36,65555.38,409078182.65
400,2018-07-11,6394.36,6405.59,6293.68,6306.87,51054.67,327667754.35
401,2018-07-10,6306.85,6683.61,6277.23,6668.84,72513.31,470432142.71
402,2018-07-09,6668.84,6803.1,6625.58,6707.46,48761.43,328316145.78
403,2018-07-08,6707.38,6782.85,6684.15,6758.08,39671.12,268455446.1
404,2018-07-07,6758.08,6814.42,6518.23,6602.03,41785.1,277167900.06
405,2018-07-06,6602.02,6633.44,6458.14,6534.81,47259.68,310759733.14
406,2018-07-05,6534.81,6691.32,6448.23,6589.77,63771.67,421189063.01
407,2018-07-04,6590.06,6777.97,6411.13,6508.43,62355.75,412202352.61
408,2018-07-03,6509.58,6670.3,6473.48,6616.6,54662.02,356390898.98
409,2018-07-02,6615.66,6673.71,5537.86,6342.69,73069.19,465915661.24
410,2018-07-01,6339.04,6429.5,6262.72,6385.43,40809.54,259708490.63
411,2018-06-30,6385.38,6503.33,6194.51,6203.81,65571.19,419284677.69
412,2018-06-29,6203.8,6286.67,5813.02,5870.81,92884.98,554799001.51
413,2018-06-28,5871.28,6172.23,5844.26,6141.57,63585.51,385907044.98
414,2018-06-27,6141.57,6192.11,6021.69,6092.26,62639.82,383457137.86
415,2018-06-26,6088.39,6286.36,6067.49,6260.4,62925.3,391396653.43
416,2018-06-25,6260.35,6344.45,6095.25,6157.78,79086.4,492834172.99
417,2018-06-24,6157.78,6254.02,5782.13,6166.36,110833.06,667479078.32
418,2018-06-23,6166.54,6257.88,6033.2,6051.47,57011.61,350697378.49
419,2018-06-22,6051.47,6731.51,5941.32,6720.64,137346.53,862826624.25
420,2018-06-21,6720.64,6790.08,6687.66,6761.27,43765.89,295690715.67
421,2018-06-20,6761.27,6817.9,6569.96,6741.28,59674.47,400530201.24
422,2018-06-19,6741.28,6839.6,6672.2,6714.56,54949.84,370797057.99
423,2018-06-18,6714.82,6802.03,6401.41,6457.78,65285.57,430241689.13
424,2018-06-17,6457.78,6585.77,6446.38,6503.1,34359.95,224575526.46
425,2018-06-16,6503.1,6569.15,6345.99,6396.71,35851.38,232802782.59
426,2018-06-15,6396.71,6667.23,6380.69,6643.63,57731.42,379228601.07
427,2018-06-14,6643.26,6719.44,6286.23,6310.43,95038.67,620296377.11
428,2018-06-13,6310.43,6623.0,6140.63,6556.94,124304.17,797087281.14
429,2018-06-12,6556.94,6888.33,6462.61,6887.43,75997.29,509372466.34
430,2018-06-11,6887.37,6913.85,6652.89,6773.72,71169.64,482788065.15
431,2018-06-10,6773.72,7514.04,6661.98,7513.76,127797.43,895514425.38
432,2018-06-09,7513.69,7691.74,7495.72,7627.56,28511.04,218013881.09
433,2018-06-08,7627.52,7709.61,7559.5,7700.4,40500.95,310119047.41
434,2018-06-07,7700.11,7755.92,7651.13,7661.79,44318.41,342475552.09
435,2018-06-06,7661.79,7701.35,7504.98,7629.4,51911.42,396116252.65
436,2018-06-05,7629.4,7672.7,7394.97,7503.32,58424.84,440337235.4
437,2018-06-04,7503.2,7760.73,7469.21,7719.73,56223.86,427448262.3
438,2018-06-03,7719.75,7774.96,7606.76,7643.26,42988.84,332313005.46
439,2018-06-02,7643.26,7697.34,7467.79,7530.55,47435.99,362414878.61
440,2018-06-01,7530.55,7614.66,7370.27,7501.74,61082.25,458687659.47
441,2018-05-31,7502.15,7608.87,7349.52,7393.02,60780.47,458223966.12
442,2018-05-30,7393.02,7571.08,7295.78,7474.75,67797.62,505870974.98
443,2018-05-29,7474.75,7533.03,7069.01,7118.88,86536.7,634849312.09
444,2018-05-28,7118.88,7455.55,7092.91,7362.23,72505.5,526854342.95
445,2018-05-27,7362.23,7420.07,7256.67,7355.06,46446.45,341348321.23
446,2018-05-26,7355.06,7626.69,7314.71,7475.36,48994.09,368322782.27
447,2018-05-25,7475.36,7652.37,7347.96,7584.78,84630.56,634474356.99
448,2018-05-24,7584.74,7729.48,7283.77,7505.77,109709.83,826278113.25
449,2018-05-23,7505.77,8031.63,7460.66,7992.75,120597.47,934151146.29
450,2018-05-22,7992.75,8428.6,7962.43,8419.67,66032.52,543342369.36
451,2018-05-21,8419.65,8585.85,8347.88,8533.22,54602.79,463653636.91
452,2018-05-20,8533.0,8591.45,8181.46,8249.24,49694.23,418898289.02
453,2018-05-19,8249.24,8397.27,8160.8,8247.91,45978.21,381458405.45
454,2018-05-18,8247.91,8280.45,7940.35,8071.04,68665.67,558167598.76
455,2018-05-17,8071.04,8476.45,8015.77,8342.69,74445.77,615539512.71
456,2018-05-16,8344.78,8501.65,8119.17,8480.16,95203.5,789660713.22
457,2018-05-15,8480.16,8848.69,8441.25,8672.88,84517.8,730739738.9
458,2018-05-14,8672.9,8883.0,8312.72,8709.46,101370.46,874543293.99
459,2018-05-13,8709.46,8773.96,8350.91,8488.07,61066.94,525395861.86
460,2018-05-12,8486.67,8653.8,8225.97,8420.82,92805.87,783972252.35
461,2018-05-11,8421.0,9032.27,8363.5,9032.22,134727.27,1176888629.2
462,2018-05-10,9032.22,9393.95,9017.13,9321.52,67915.99,629850604.12
463,2018-05-09,9321.16,9373.46,8987.27,9196.13,67939.11,625495066.08
464,2018-05-08,9196.13,9472.09,9063.07,9377.08,72659.12,673924125.29
465,2018-05-07,9377.81,9662.23,9202.13,9643.99,73842.44,692580062.51
466,2018-05-06,9644.92,9936.96,9441.93,9846.44,62904.49,608650204.19
467,2018-05-05,9845.9,9968.85,9687.09,9700.37,68875.75,679872376.4
468,2018-05-04,9699.61,9785.15,9547.21,9746.26,68689.75,663887678.35
469,2018-05-03,9745.04,9817.19,9172.28,9232.19,90631.98,857646889.15
470,2018-05-02,9232.19,9271.62,8993.82,9077.28,57618.44,527488395.49
471,2018-05-01,9077.28,9251.66,8851.1,9248.25,74147.8,669555436.99
472,2018-04-30,9248.45,9459.81,9133.6,9407.35,61631.36,574099218.21
473,2018-04-29,9407.04,9552.67,9189.07,9349.94,68227.03,640931911.37
474,2018-04-28,9351.47,9435.9,8892.52,8938.47,83347.1,774111704.68
475,2018-04-27,8938.47,9385.87,8923.48,9289.01,82025.4,758182407.35
476,2018-04-26,9282.12,9315.13,8669.38,8873.57,111690.32,997427934.62
477,2018-04-25,8873.62,9765.23,8757.06,9657.69,192797.41,1779806222.98
478,2018-04-24,9655.77,9741.91,8957.68,8967.86,136352.05,1276464750.74
479,2018-04-23,8968.25,9025.73,8804.2,8823.46,61895.95,553892335.42
480,2018-04-22,8823.36,9043.98,8788.44,8935.85,68212.83,610183093.43
481,2018-04-21,8935.72,9047.82,8631.18,8877.15,93635.24,829073400.66
482,2018-04-20,8877.08,8945.14,8243.49,8301.82,114730.74,979994921.45
483,2018-04-19,8301.82,8321.01,8136.42,8189.92,72820.98,602099034.89
484,2018-04-18,8189.96,8246.57,7908.92,7921.65,73050.12,593500791.64
485,2018-04-17,7921.63,8187.6,7858.12,8079.77,71933.6,580880500.84
486,2018-04-16,8079.77,8430.93,7929.24,8376.73,87681.75,713471956.84
487,2018-04-15,8376.73,8437.03,8021.04,8022.51,68822.07,570527804.56
488,2018-04-14,8022.51,8195.34,7841.19,7898.74,66678.63,537286381.88
489,2018-04-13,7899.11,8237.16,7758.8,7927.73,145665.26,1171435820.59
490,2018-04-12,7927.73,8051.95,6791.33,6977.04,197276.82,1490759969.77
491,2018-04-11,6977.13,6999.37,6839.16,6871.07,64802.3,450141340.22
492,2018-04-10,6871.07,6922.84,6676.72,6789.53,62035.53,424510977.27
493,2018-04-09,6789.53,7204.28,6633.69,7049.92,130534.03,901883664.92
494,2018-04-08,7049.92,7132.03,6911.02,6917.2,60386.23,425825572.09
495,2018-04-07,6917.2,7083.85,6624.47,6634.86,81312.77,564883141.53
496,2018-04-06,6634.86,6869.53,6526.67,6790.45,90749.16,605651287.47
497,2018-04-05,6790.45,6933.66,6602.38,6815.5,114426.84,777145174.76
498,2018-04-04,6815.5,7442.42,6727.09,7434.3,123910.33,877199782.17
499,2018-04-03,7434.3,7528.97,7039.88,7074.65,122807.02,905326798.64
500,2018-04-02,7074.6,8218.66,6792.3,6835.58,106513.22,748861435.14
501,2018-04-01,6835.84,7056.22,6463.54,6943.77,131344.01,889887684.72
502,2018-03-31,6943.77,7228.4,6806.34,6853.75,129526.48,915400590.57
503,2018-03-30,6853.76,7280.27,6595.26,7106.62,229837.79,1584675343.21
504,2018-03-29,7106.62,7983.77,6927.11,7959.78,185805.88,1379180030.3
505,2018-03-28,7959.78,8117.79,7752.6,7808.42,82590.62,657712114.92
506,2018-03-27,7808.48,8226.24,7752.3,8152.18,116523.1,930754990.52
507,2018-03-26,8152.2,8521.04,7869.27,8472.56,131859.97,1079038734.78
508,2018-03-25,8472.84,8690.36,8395.85,8548.39,76775.64,657643520.26
509,2018-03-24,8548.06,9036.23,8515.53,8935.51,93296.24,827663165.33
510,2018-03-23,8934.8,8935.88,8307.58,8724.98,109649.39,939997284.45
511,2018-03-22,8724.98,9107.0,8500.88,8911.37,116522.98,1023286566.15
512,2018-03-21,8911.35,9184.51,8778.69,8920.53,109985.22,991376396.96
513,2018-03-20,8920.71,9056.23,8339.8,8623.14,131959.66,1150462439.42
514,2018-03-19,8623.14,8725.6,8129.66,8215.5,171829.52,1447812723.08
515,2018-03-18,8215.4,8299.86,7318.46,7882.67,198796.34,1535519444.95
516,2018-03-17,7883.45,8360.64,7765.41,8283.23,111641.32,901939422.97
517,2018-03-16,8283.23,8616.63,7924.11,8267.95,129688.11,1082790136.53
518,2018-03-15,8268.41,8432.12,7698.47,8216.22,187365.71,1519850464.55
519,2018-03-14,8217.7,9360.66,7966.94,9160.12,161775.05,1385572511.72
520,2018-03-13,9160.12,9486.12,8856.65,9142.27,133768.47,1228556284.3
521,2018-03-12,9142.15,9907.41,8796.52,9543.98,152959.8,1435404200.39
522,2018-03-11,9544.84,9735.64,8484.32,8797.27,149877.66,1374814644.2
523,2018-03-10,8797.27,9518.62,8727.43,9252.76,117409.38,1084925795.69
524,2018-03-09,9252.76,9433.38,8393.45,9316.77,233598.15,2081621422.7
525,2018-03-08,9316.72,10119.21,9086.85,9928.56,154879.22,1492236089.97
526,2018-03-07,9928.56,10913.7,9470.73,10735.45,183060.08,1858869115.0
527,2018-03-06,10735.45,11441.65,10589.28,11440.33,109876.55,1210081181.36
528,2018-03-05,11440.73,11694.15,11431.55,11503.94,68323.51,791471905.1
529,2018-03-04,11504.42,11539.79,11084.01,11465.36,61016.39,690727335.55
530,2018-03-03,11465.36,11530.66,11043.12,11043.12,71279.36,812200126.22
531,2018-03-02,11043.12,11191.94,10801.45,10929.37,77195.49,852908489.64
532,2018-03-01,10929.37,11090.3,10247.56,10334.44,88432.44,952472120.03
533,2018-02-28,10334.44,11067.76,10303.14,10594.76,105434.79,1126074675.67
534,2018-02-27,10594.76,10879.38,10154.24,10326.5,99772.39,1060840699.02
535,2018-02-26,10326.5,10457.51,9411.82,9610.11,117416.47,1181729273.47
536,2018-02-25,9610.11,9873.79,9329.44,9705.73,82430.45,793093192.66
537,2018-02-24,9705.73,10528.0,9396.54,10175.51,125269.68,1244484468.57
538,2018-02-23,10175.51,10420.67,9604.0,9847.96,139373.76,1399448203.16
539,2018-02-22,9847.96,10941.57,9757.19,10481.66,175506.26,1795951829.82
540,2018-02-21,10481.66,11295.58,10256.21,11256.78,183274.25,1982721124.63
541,2018-02-20,11256.43,11802.23,11130.95,11182.28,142449.23,1640343867.77
542,2018-02-19,11182.28,11265.96,10336.32,10418.12,108244.29,1186535653.61
543,2018-02-18,10417.23,11288.34,10161.01,11097.21,154431.22,1659704217.34
544,2018-02-17,11097.21,11119.45,10074.07,10188.73,123660.48,1327921168.02
545,2018-02-16,10188.73,10303.14,9720.38,10033.75,105556.67,1061827697.26
546,2018-02-15,10033.75,10223.58,9363.38,9485.64,168776.78,1666668487.88
547,2018-02-14,9485.64,9508.22,8542.98,8544.69,133702.54,1220863360.18
548,2018-02-13,8544.69,8955.15,8379.35,8911.17,98632.88,853320352.71
549,2018-02-12,8911.27,8997.34,8084.41,8084.61,124923.98,1085921871.17
550,2018-02-11,8084.61,8573.35,7862.31,8569.32,123293.84,1013771945.88
551,2018-02-10,8569.29,9081.49,8176.25,8696.83,155616.78,1348923336.33
552,2018-02-09,8696.83,8743.2,7775.36,8259.26,162279.68,1348072086.15
553,2018-02-08,8260.69,8643.94,7590.48,7593.78,193040.33,1594673973.51
554,2018-02-07,7592.72,8572.68,7208.86,7701.25,271450.37,2159765331.36
555,2018-02-06,7701.25,7932.38,5968.36,6936.43,495883.24,3397596513.74
556,2018-02-05,6937.08,8391.29,6627.31,8218.05,341828.54,2534149181.03
557,2018-02-04,8218.05,9400.99,7889.83,9251.27,164609.06,1413207410.82
558,2018-02-03,9251.27,9504.37,8194.68,8872.87,139226.07,1253484523.4
559,2018-02-02,8870.82,9147.93,7786.2,9114.73,322596.22,2768759876.15
560,2018-02-01,9114.72,10280.84,8726.95,10226.86,208918.8,1964308989.29
561,2018-01-31,10226.86,10377.96,9698.13,10107.4,122260.49,1230902973.11
562,2018-01-30,10107.26,11263.7,9871.21,11234.32,164072.93,1720894077.2
563,2018-01-29,11233.95,11860.29,11089.52,11767.74,80713.7,920836244.04
564,2018-01-28,11767.74,12064.19,11407.94,11460.39,87917.22,1038153169.8
565,2018-01-27,11459.71,11638.69,10879.2,11104.34,90873.81,1031091633.68
566,2018-01-26,11104.2,11656.54,10346.86,11175.87,142350.84,1560135332.27
567,2018-01-25,11175.87,11741.92,10930.34,11428.11,93317.76,1061064251.44
568,2018-01-24,11429.02,11531.6,10506.55,10853.78,115804.82,1286435482.05
569,2018-01-23,10858.23,11388.52,9980.5,10814.52,158868.59,1710180828.64
570,2018-01-22,10814.52,11913.74,10067.76,11549.98,165723.08,1811992345.95
571,2018-01-21,11549.93,12787.35,11101.73,12783.54,130427.64,1552755289.93
572,2018-01-20,12783.94,13031.04,11502.11,11521.82,119084.84,1492721765.44
573,2018-01-19,11521.76,11780.49,10867.18,11175.52,110885.87,1264875700.45
574,2018-01-18,11175.52,12018.43,10642.33,11162.7,204918.02,2357251805.09
575,2018-01-17,11162.7,11736.3,9205.38,11282.49,348631.94,3666978316.26
576,2018-01-16,11282.49,13648.84,10032.69,13634.6,325702.79,3842651741.45
577,2018-01-15,13631.98,14355.82,13416.71,13638.63,84089.84,1170462750.59
578,2018-01-14,13638.63,14415.67,13031.91,14244.12,81536.0,1112590573.36
579,2018-01-13,14243.12,14595.04,13830.28,13841.19,71300.93,1021352776.21
580,2018-01-12,13841.19,14129.08,12851.91,13308.06,102068.02,1402292716.89
581,2018-01-11,13308.06,14979.96,12825.95,14920.36,173452.27,2373494121.74
582,2018-01-10,14919.49,14919.49,13450.54,14468.09,142303.9,2025083791.13
583,2018-01-09,14468.5,15390.28,14221.55,14976.17,99730.65,1486802326.34
584,2018-01-08,14976.17,16302.92,13902.31,16228.26,142453.96,2166366561.33
585,2018-01-07,16228.16,17184.81,15791.13,17174.5,79006.37,1309532650.11
586,2018-01-06,17172.3,17252.85,16286.57,16954.76,83927.99,1412703790.73
587,2018-01-05,16954.78,17126.95,14832.36,15180.08,141960.42,2283988962.92
588,2018-01-04,15180.08,15408.66,14244.67,15156.49,110968.82,1656714736.62
589,2018-01-03,15156.62,15435.01,14579.71,14754.09,106543.39,1604206990.04
590,2018-01-02,14754.13,15306.13,12934.16,13444.88,137732.17,1956783037.35
591,2018-01-01,13444.88,13921.53,12877.67,13850.49,78425.21,1057521524.42
592,2017-12-31,13850.4,14241.82,12359.43,12532.38,111270.55,1492142483.58
593,2017-12-30,12531.52,14461.46,11962.09,14392.14,182065.44,2387311023.42
594,2017-12-29,14392.57,15109.81,13951.08,14398.45,118874.63,1733583750.2
595,2017-12-28,14398.7,15505.51,13466.07,15416.34,170366.63,2425912717.56
596,2017-12-27,15416.64,16514.59,14534.66,15757.02,138705.28,2162831128.76
597,2017-12-26,15756.56,16094.67,13748.49,13830.19,143135.26,2198577125.17
598,2017-12-25,13833.49,14467.43,13010.71,13789.95,107475.98,1487888106.52
599,2017-12-24,13789.95,14413.72,12166.45,14396.63,182417.29,2428437693.16
600,2017-12-23,14396.46,15493.23,13356.07,13664.97,170169.39,2491903154.48
601,2017-12-22,13664.97,15823.72,10875.71,15632.12,466980.6,6245731508.4
602,2017-12-21,15632.12,17301.83,14952.98,16461.09,163735.02,2619295475.76
603,2017-12-20,16461.97,17813.6,15642.69,17521.73,227676.13,3791752510.78
604,2017-12-19,17523.7,19021.97,16812.8,18971.19,174543.37,3136709262.09
605,2017-12-18,18972.32,19221.1,18114.42,19065.71,139251.39,2597510049.89
606,2017-12-17,19065.71,19870.62,18750.91,19346.6,117408.38,2264650369.71
607,2017-12-16,19345.49,19587.7,17318.54,17594.08,112173.97,2078806368.79
608,2017-12-15,17604.85,17987.03,16442.2,16467.91,153651.15,2682351213.91
609,2017-12-14,16467.91,16941.08,16023.64,16286.82,107918.03,1773813863.46
610,2017-12-13,16286.82,17267.96,15669.86,17083.9,155407.35,2576055941.69
611,2017-12-12,17083.9,17560.65,16254.53,16733.29,132846.57,2246138895.89
612,2017-12-11,16732.47,17399.18,15024.56,15060.45,159724.56,2634267594.52
613,2017-12-10,15059.6,15783.2,13031.0,14839.98,201620.09,2904037859.64
614,2017-12-09,14843.42,16313.18,13151.47,16048.18,181979.81,2699876215.33
615,2017-12-08,16047.61,17294.85,13906.1,16867.98,286762.02,4546014731.58
616,2017-12-07,16850.31,16879.26,13401.61,13750.09,297108.66,4510225316.19
617,2017-12-06,13749.57,13843.2,11661.76,11667.13,191576.66,2437037791.81
618,2017-12-05,11667.13,11901.87,11486.13,11624.37,89687.21,1048839303.8
619,2017-12-04,11623.91,11624.63,10917.81,11244.2,93173.9,1057859226.18
620,2017-12-03,11246.21,11851.09,10578.43,10912.72,122125.7,1380012064.12
621,2017-12-02,10912.73,11175.23,10715.55,10861.47,86825.51,950474241.58
622,2017-12-01,10861.47,10942.8,9420.93,9947.08,131918.85,1353669597.43
623,2017-11-30,9946.76,10689.06,9023.77,9848.05,187008.87,1836210107.31
624,2017-11-29,9837.86,11417.84,8938.7,9906.04,233325.32,2418792360.6
625,2017-11-28,9906.04,9969.58,9638.2,9732.63,87754.89,865328615.73
626,2017-11-27,9733.2,9733.61,9316.84,9318.42,106902.79,1025175619.87
627,2017-11-26,9318.42,9474.62,8746.56,8754.62,85891.98,782499976.71
628,2017-11-25,8754.69,8761.98,8153.7,8203.45,84670.41,718483679.6
629,2017-11-24,8200.8,8332.94,7900.17,8013.38,72994.63,595710405.8
630,2017-11-23,8013.41,8266.55,8012.35,8234.5,68010.7,555465146.26
631,2017-11-22,8234.55,8304.37,8091.63,8099.92,65811.68,539697375.37
632,2017-11-21,8099.97,8368.36,7819.06,8245.87,115454.28,938345413.24
633,2017-11-20,8244.69,8294.12,7947.28,8042.64,75703.64,617354329.03
634,2017-11-19,8042.64,8100.87,7675.41,7781.02,68618.85,541391321.61
635,2017-11-18,7780.91,7857.52,7458.9,7699.95,74382.12,571121111.0
636,2017-11-17,7699.95,8000.19,7534.7,7853.68,117347.03,917599923.24
637,2017-11-16,7853.68,7964.64,7119.17,7283.02,133937.8,1010130763.21
638,2017-11-15,7283.22,7330.06,6596.94,6597.06,131120.23,922959468.47
639,2017-11-14,6597.06,6728.59,6419.18,6522.45,96502.09,634604991.54
640,2017-11-13,6522.45,6760.15,5828.34,5878.09,178340.89,1135256036.03
641,2017-11-12,5878.13,6490.53,5493.64,6339.87,269832.87,1629165385.9
642,2017-11-11,6339.86,6821.5,6197.87,6565.8,135719.07,878096915.35
643,2017-11-10,6565.8,7318.97,6406.05,7129.59,222001.18,1513421266.51
644,2017-11-09,7129.59,7457.12,7040.83,7444.36,126769.9,915963933.06
645,2017-11-08,7444.36,7869.1,7026.97,7102.23,220224.38,1632547465.88
646,2017-11-07,7102.75,7222.37,6957.8,6959.27,101044.57,716798409.14
647,2017-11-06,6959.23,7429.7,6934.73,7389.55,159688.48,1148125488.89
648,2017-11-05,7389.55,7599.44,7284.33,7363.8,105727.2,789287755.18
649,2017-11-04,7363.8,7492.24,6957.84,7146.98,106602.67,773371754.85
650,2017-11-03,7152.12,7445.62,6938.93,7024.81,154886.75,1120978013.29
651,2017-11-02,7024.81,7339.91,6737.77,6737.78,238796.19,1663170039.86
652,2017-11-01,6737.78,6738.74,6355.0,6449.1,133191.93,869798619.79
653,2017-10-31,6451.24,6467.2,6090.83,6124.28,101249.62,637838767.02
654,2017-10-30,6124.28,6226.18,6018.97,6147.7,78624.31,481600502.95
655,2017-10-29,6147.52,6295.43,5679.37,5726.61,163055.75,966990808.93
656,2017-10-28,5726.61,5871.04,5654.8,5764.56,53232.17,305611140.99
657,2017-10-27,5764.56,5997.83,5692.32,5887.62,83933.5,488283724.04
658,2017-10-26,5887.61,5970.4,5689.92,5734.0,93675.55,547664553.57
659,2017-10-25,5734.0,5747.96,5375.64,5513.08,105839.48,585738379.88
660,2017-10-24,5513.08,5904.63,5463.41,5903.61,143735.81,811951129.66
661,2017-10-23,5903.61,6048.98,5644.22,5982.86,137140.4,801148315.46
662,2017-10-22,5982.86,6070.56,5722.98,6006.65,105030.93,618893096.8
663,2017-10-21,6006.65,6187.2,5874.54,5993.11,112943.89,684989667.22
664,2017-10-20,5993.11,6075.32,5611.39,5698.62,123860.51,729487923.01
665,2017-10-19,5698.65,5737.41,5517.62,5576.71,83056.09,469774559.06
666,2017-10-18,5575.83,5601.3,5114.87,5598.58,122020.31,654722509.03
667,2017-10-17,5598.58,5773.32,5521.09,5759.25,65637.43,368658284.35
668,2017-10-16,5759.33,5795.33,5576.1,5677.35,61358.95,349154669.33
669,2017-10-15,5688.14,5862.69,5448.22,5824.71,101636.95,571166215.25
670,2017-10-14,5824.71,5839.62,5568.86,5637.26,76224.35,434406119.95
671,2017-10-13,5637.26,5852.78,5391.97,5432.62,215018.92,1211469140.96
672,2017-10-12,5432.62,5432.63,4814.98,4824.2,163916.09,848641969.34
673,2017-10-11,4824.2,4874.89,4718.6,4763.36,70482.75,338533507.33
674,2017-10-10,4763.36,4930.0,4722.81,4777.49,98485.0,475717720.64
675,2017-10-09,4777.49,4875.38,4556.15,4611.7,110191.77,518586828.49
676,2017-10-08,4611.7,4622.87,4419.36,4435.81,71366.95,323063950.84
677,2017-10-07,4435.81,4472.92,4319.48,4371.94,40202.08,176332039.12
678,2017-10-06,4371.94,4422.15,4296.93,4321.44,61692.93,269878225.69
679,2017-10-05,4321.44,4365.76,4143.35,4218.66,63613.2,271914958.4
680,2017-10-04,4218.66,4355.29,4183.57,4314.18,64081.96,272424730.47
681,2017-10-03,4314.18,4435.99,4230.73,4401.32,81867.3,353046057.47
682,2017-10-02,4401.32,4477.38,4364.67,4403.09,71201.48,314621927.61
683,2017-10-01,4403.09,4412.62,4258.32,4360.62,60583.85,262485153.92
684,2017-09-30,4360.62,4383.27,4164.25,4172.79,67493.68,290796939.99
685,2017-09-29,4172.79,4237.51,4030.37,4195.65,97803.91,404599756.28
686,2017-09-28,4195.65,4274.64,4112.88,4212.2,92228.17,386909537.01
687,2017-09-27,4212.2,4232.35,3882.08,3892.7,117596.07,480358673.93
688,2017-09-26,3892.7,3982.31,3858.75,3932.83,63252.3,248481868.86
689,2017-09-25,3932.83,3971.5,3665.67,3667.52,100194.7,386674961.65
690,2017-09-24,3667.52,3790.89,3633.88,3788.02,49661.76,183852135.74
691,2017-09-23,3788.02,3813.39,3563.18,3600.83,67820.32,253370774.72
692,2017-09-22,3600.83,3753.51,3505.81,3617.27,114717.36,414612501.81
693,2017-09-21,3617.27,3912.79,3576.54,3882.16,145124.78,543570164.08
694,2017-09-20,3882.16,4053.04,3846.76,3907.96,86645.15,342438072.5
695,2017-09-19,3907.96,4120.71,3852.22,4100.28,123214.81,488897829.62
696,2017-09-18,4100.28,4122.75,3689.0,3689.61,147927.08,586938661.3
697,2017-09-17,3689.61,3796.56,3485.83,3698.92,96068.08,351250484.2
698,2017-09-16,3698.92,3893.67,3551.83,3713.76,169361.61,627559216.22
699,2017-09-15,3713.76,3824.43,2979.88,3243.08,448551.92,1519153953.02
700,2017-09-14,3243.08,3930.69,3218.98,3870.29,317592.57,1118258889.56
701,2017-09-13,3870.29,4174.58,3752.01,4158.92,186540.37,728385231.78
702,2017-09-12,4158.92,4387.76,4074.97,4217.9,107041.94,453402207.42
703,2017-09-11,4217.9,4364.42,4134.62,4245.89,88757.81,375254125.16
704,2017-09-10,4245.89,4338.08,4032.15,4335.13,108075.24,451244396.53
705,2017-09-09,4335.13,4402.15,4185.33,4326.45,77087.34,332195251.06
706,2017-09-08,4326.45,4699.59,4130.88,4635.6,180364.02,786819863.5
707,2017-09-07,4635.6,4690.55,4493.2,4618.71,70531.23,324939872.82
708,2017-09-06,4618.71,4660.04,4401.53,4409.08,110931.13,504717245.65
709,2017-09-05,4409.08,4496.67,4004.62,4267.45,158410.81,673846827.74
710,2017-09-04,4267.45,4621.01,4098.58,4612.92,170399.25,737216060.51
711,2017-09-03,4612.92,4719.78,4397.74,4573.8,102823.39,470135795.37
712,2017-09-02,4573.8,4976.52,4448.64,4921.85,160770.39,747713818.1
