,time,close,volumeto,sentiment,dailychange,dailychange_sent_raw,sentiment_7dayrolling
0,2017-09-02,4573.8,747713818.1,0.0,,,
1,2017-09-03,4612.92,470135795.37,0.0,0.008553063098517619,0.0,
2,2017-09-04,4267.45,737216060.51,0.0,-0.0748918255681868,0.0,
3,2017-09-05,4409.08,673846827.74,0.0,0.033188438060199915,0.0,
4,2017-09-06,4618.71,504717245.65,0.0,0.0475450660908852,0.0,
5,2017-09-07,4635.6,324939872.82,0.0,0.0036568652286028624,0.0,
6,2017-09-08,4326.45,786819863.5,0.1366,-0.06669039606523439,0.1366,0.019514285714285713
7,2017-09-09,4335.13,332195251.06,0.0,0.0020062637959528695,-0.1366,0.019514285714285713
8,2017-09-10,4245.89,451244396.53,0.0,-0.020585311167139114,0.0,0.019514285714285713
9,2017-09-11,4217.9,375254125.16,-0.188375,-0.006592257453678896,-0.188375,-0.007396428571428569
10,2017-09-12,4158.92,453402207.42,0.3239525974025974,-0.013983261812750319,0.5123275974025974,0.03888251391465677
11,2017-09-13,3870.29,728385231.78,-0.006747222222222231,-0.06940022890558128,-0.33069981962481965,0.03791862502576788
12,2017-09-14,3243.08,1118258889.56,0.0,-0.16205762358893003,0.006747222222222231,0.03791862502576788
13,2017-09-15,3713.76,1519153953.02,0.16111818181818183,0.14513363839313254,0.16111818181818183,0.04142122242836528
14,2017-09-16,3698.92,627559216.22,0.0,-0.003995950196027784,-0.16111818181818183,0.04142122242836528
15,2017-09-17,3689.61,351250484.2,0.0,-0.0025169508937743844,0.0,0.04142122242836528
16,2017-09-18,4100.28,586938661.3,0.25617500000000004,0.1113044468114515,0.25617500000000004,0.10492836528550813
17,2017-09-19,3907.96,488897829.62,0.0,-0.04690411386539449,-0.25617500000000004,0.05864942279942279
18,2017-09-20,3882.16,342438072.5,0.0236325,-0.006601909947901254,0.0236325,0.06298938311688311
19,2017-09-21,3617.27,543570164.08,0.10381378787878788,-0.0682326333793558,0.08018128787878788,0.07781992424242423
20,2017-09-22,3600.83,414612501.81,0.10913318083431718,-0.0045448639443558415,0.005319392955529301,0.07039349553044358
21,2017-09-23,3788.02,253370774.72,0.12995201055622596,0.05198523673708563,0.02081882972190878,0.08895806846704728
22,2017-09-24,3667.52,183852135.74,0.18690187353079601,-0.031810814092850616,0.056949862974570054,0.11565833611430386
23,2017-09-25,3932.83,386674961.65,0.1635296969525184,0.07234043713463047,-0.023372176578277615,0.10242329282180648
24,2017-09-26,3892.7,248481868.86,0.15855955137212357,-0.01020384811954753,-0.004970145580394825,0.12507465730353842
25,2017-09-27,4212.2,480358673.93,0.12710960888282183,0.08207670768361292,-0.031449942489301747,0.13985710142965585
26,2017-09-28,4195.65,386909537.01,0.2192588911663696,-0.003929063197379085,0.09214928228354777,0.1563492590421675
27,2017-09-29,4172.79,404599756.28,0.1845335590082244,-0.0054485002323834625,-0.03472533215814519,0.16712074163843996
28,2017-09-30,4360.62,290796939.99,0.2308517841077696,0.045013048823449045,0.046318225099545196,0.18153499500294618
29,2017-10-01,4403.09,262485153.92,0.1582670260190937,0.009739440721732289,-0.0725847580886759,0.17744430250127444
30,2017-10-02,4401.32,314621927.61,0.18585201955887887,-0.00040199042036397997,0.027584993539785163,0.1806332057307545
31,2017-10-03,4314.18,353046057.47,0.19090041511006958,-0.019798605872783488,0.005048395551190715,0.18525332912188963
32,2017-10-04,4218.66,272424730.47,0.12247911373919386,-0.022140939877334842,-0.06842130137087572,0.18459182981565705
33,2017-10-05,4321.44,271914958.4,0.1479149014530906,0.024363186414643453,0.02543578771389675,0.17439983128518863
34,2017-10-06,4371.94,269878225.69,0.14999636429733199,0.011685919508312045,0.0020814628442413774,0.16946594632648973
35,2017-10-07,4435.81,176332039.12,0.26248030778314163,0.014609075147417577,0.11248394348580965,0.1739843068515429
36,2017-10-08,4611.7,323063950.84,0.23410444169520572,0.03965228447566496,-0.028375866087935908,0.18481822337670173
37,2017-10-09,4777.49,518586828.49,0.1495458349457781,0.03594986664353708,-0.08455860674942761,0.1796316255748302
38,2017-10-10,4763.36,475717720.64,0.1610658721112632,-0.0029576200054840743,0.01152003716548508,0.17536954800357216
39,2017-10-11,4824.2,338533507.33,0.22132146648661444,0.012772496725000871,0.060255594375351246,0.18948988411034653
40,2017-10-12,5432.62,848641969.34,0.19765776790074002,0.12611832013598112,-0.023663698585874415,0.19659600788858217
41,2017-10-13,5637.26,1211469140.96,0.16361202563813879,0.03766874914866129,-0.034045742262601236,0.19854110236584027
42,2017-10-14,5824.71,434406119.95,0.1902104471260255,0.03325196992865325,0.026598421487886714,0.18821683655768082
43,2017-10-15,5688.14,571166215.25,0.16049708297985082,-0.02344666086380261,-0.029713364146174676,0.17770149959834441
44,2017-10-16,5759.33,349154669.33,0.23626219264935477,0.012515514737682195,0.07576510966950395,0.19008955069885536
45,2017-10-17,5598.58,368658284.35,0.21362267232650636,-0.027911232730196047,-0.02263952032284841,0.19759766501531867
46,2017-10-18,5575.83,654722509.03,0.17180133159752833,-0.0040635303952073565,-0.04182134072897803,0.19052336003116352
47,2017-10-19,5698.65,469774559.06,0.23082549925445386,0.02202721388564567,0.05902416765692553,0.19526160736740833
48,2017-10-20,5993.11,729487923.01,0.16961220085197187,0.05167188720135472,-0.06121329840248199,0.19611877525509877
49,2017-10-21,6006.65,684989667.22,0.20689054450105157,0.0022592610514407317,0.0372783436490797,0.19850164630867392
50,2017-10-22,5982.86,618893096.8,0.2704041470458101,-0.003960610323558051,0.06351360254475855,0.2142026554609538
51,2017-10-23,5903.61,801148315.46,0.11292708960590754,-0.013246173234874292,-0.1574770574399026,0.19658335502617566
52,2017-10-24,5513.08,811951129.66,0.16712867431813888,-0.06615104995079278,0.05420158471223134,0.18994135531069456
53,2017-10-25,5734.0,585738379.88,0.11287628469320307,0.04007197428660569,-0.05425238962493581,0.1815234914672195
54,2017-10-26,5887.61,547664553.57,0.12904702274310975,0.026789326822462448,0.01617073804990668,0.16698370910845606
55,2017-10-27,5764.56,488283724.04,0.16347061162863147,-0.020899821829231092,0.034423588885521716,0.16610633921940746
56,2017-10-28,5726.61,305611140.99,0.1914238602232267,-0.006583329863857905,0.02795324859459522,0.1638968128940039
57,2017-10-29,6147.52,966990808.93,0.23122681396304462,0.0735007273063821,0.03980295373981793,0.1583000510250374
58,2017-10-30,6124.28,481600502.95,0.13065342137744096,-0.003780386237051801,-0.10057339258560366,0.16083238413525644
59,2017-10-31,6451.24,637838767.02,0.1790584402960755,0.05338750024492676,0.04840501891863455,0.16253663641781885
60,2017-11-01,6737.78,869798619.79,0.24010279558651096,0.04441626726024764,0.06104435529043545,0.18071185225971997
61,2017-11-02,7024.81,1663170039.86,0.22615955429229734,0.0426000848944312,-0.01394324129421362,0.19458507105246106
62,2017-11-03,7152.12,1120978013.29,0.26157244298058197,0.018122910085824312,0.03541288868828463,0.20859961838845398
63,2017-11-04,7363.8,773371754.85,0.29711876024186906,0.029596818845321428,0.0355463172612871,0.22369888981968858
64,2017-11-05,7389.55,789287755.18,0.21706096171725867,0.003496835872783074,-0.0800577985246104,0.22167519664171917
65,2017-11-06,6959.23,1148125488.89,0.20119229080885093,-0.05823358661894169,-0.01586867090840774,0.23175217798906342
66,2017-11-07,7102.75,716798409.14,0.20214060053702906,0.020622971219517165,0.0009483097281781372,0.23504962945205676
67,2017-11-08,7444.36,1632547465.88,0.10348545254239756,0.048095455985357735,-0.0986551479946315,0.21553286616004058
68,2017-11-09,7129.59,915963933.06,0.12582455771080775,-0.04228301694168465,0.022339105168410187,0.20119929521982777
69,2017-11-10,6565.8,1513421266.51,0.16442658820221406,-0.07907747850858184,0.038602030491406314,0.1873213159657752
70,2017-11-11,6339.86,878096915.35,0.19179727478804925,-0.03441164823783857,0.02737068658583519,0.17227538947237236
71,2017-11-12,5878.13,1629165385.9,0.23942369067816335,-0.07282968393623827,0.0476264158901141,0.17547006503821588
72,2017-11-13,6522.45,1135256036.03,0.16892163523067144,0.10961309123819986,-0.07050205544749191,0.17085997138419026
73,2017-11-14,6597.06,634604991.54,0.16839297807644002,0.011438953154106292,-0.0005286571542314211,0.16603888246124895
74,2017-11-15,7283.22,922959468.47,0.16225151775825367,0.10400996807668868,-0.006141460318186354,0.1744340346349427
75,2017-11-16,7853.68,1010130763.21,0.19519292035360425,0.07832524625097141,0.03294140259535058,0.18434380072677078
76,2017-11-17,7699.95,917599923.24,0.23874214322668758,-0.019574263275305395,0.043549222873083326,0.19496030858740987
77,2017-11-18,7780.91,571121111.0,0.24019521217562279,0.010514353989311625,0.00145306894893521,0.20187429964277753
78,2017-11-19,8042.64,541391321.61,0.23473604299770262,0.033637453716853234,-0.0054591691779201645,0.201204635688426
79,2017-11-20,8244.69,617354329.03,0.1778356801517471,0.025122347885768875,-0.05690036284595551,0.2024780706771511
80,2017-11-21,8099.97,938345413.24,0.19126850046521132,-0.017553116005574528,0.013432820313464211,0.20574600244697555
81,2017-11-22,8234.55,539697375.37,0.2105640385795485,0.016614876351393772,0.01929553811433718,0.21264779113573193
82,2017-11-23,8013.41,555465146.26,0.18910807515555522,-0.0268551408395115,-0.02145596342399328,0.21177852753601065
83,2017-11-24,8200.8,595710405.8,0.2868919318395835,0.023384551645304487,0.09778385668402828,0.21865706876642435
84,2017-11-25,8754.69,718483679.6,0.21931575415669438,0.06754097161252576,-0.06757617768288912,0.21567428904943456
85,2017-11-26,9318.42,782499976.71,0.15626650432607747,0.06439177172464125,-0.06304924983061691,0.20446435495348814
86,2017-11-27,9733.2,1025175619.87,0.1177556220717093,0.0445118378437547,-0.038510882254368176,0.19588148951348275
87,2017-11-28,9906.04,865328615.73,0.19296817310074885,0.017757777503801437,0.07521255102903955,0.1961242998899881
88,2017-11-29,9837.86,2418792360.6,0.18558920192162953,-0.006882669563216006,-0.007378971179119315,0.192556466081714
89,2017-11-30,9946.76,1836210107.31,0.12835475207768704,0.011069480557763542,-0.05723444984394249,0.18387741992773285
90,2017-12-01,10861.47,1353669597.43,0.1781887685668894,0.09196059822494954,0.049834016489202354,0.16834839660306228
91,2017-12-02,10912.73,950474241.58,0.19133937304713167,0.0047194348462961475,0.013150604480242273,0.16435177073026758
92,2017-12-03,11246.21,1380012064.12,0.2590140181142892,0.030558806091601238,0.06767464506715754,0.17902998698572642
93,2017-12-04,11623.91,1057859226.18,0.1607318032793592,0.03358464762795651,-0.09828221483492999,0.18516944144396214
94,2017-12-05,11667.13,1048839303.8,0.21396969929157425,0.0037181980934125735,0.05323789601221504,0.1881696594712229
95,2017-12-06,13749.57,2437037791.81,0.2037843261809739,0.17848776862861737,-0.01018537311060036,0.19076896293684356
96,2017-12-07,16850.31,4510225316.19,0.2045493291567964,0.22551541611846782,0.0007650029758225207,0.20165390251957344
97,2017-12-08,16047.61,4546014731.58,0.19292149245991397,-0.04763710578618439,-0.011627836696882443,0.2037585773614341
98,2017-12-09,14843.42,2699876215.33,0.11646753694104964,-0.0750385883006878,-0.07645395551886433,0.193062600774851
99,2017-12-10,15059.6,2904037859.64,0.20395652202125467,0.01456402904451941,0.08748898508020503,0.18519724419013175
100,2017-12-11,16732.47,2634267594.52,0.20436413938683967,0.11108329570506525,0.0004076173655850057,0.19143043506262897
101,2017-12-12,17083.9,2246138895.89,0.20438021025037312,0.02100287644322687,1.607086353344611e-05,0.19006050805674307
102,2017-12-13,16286.82,2576055941.69,0.18893728074659033,-0.04665679382342449,-0.015442929503782787,0.18793950156611686
103,2017-12-14,16467.91,1773813863.46,0.24862252975990756,0.0111188064950678,0.05968524901331723,0.19423567308084702
104,2017-12-15,17604.85,2682351213.91,0.15173297740463837,0.06903972635264577,-0.09688955235526919,0.18835159950152194
105,2017-12-16,19345.49,2078806368.79,0.16524282686352776,0.09887275381500002,0.01350984945888939,0.19531949806187596
106,2017-12-17,19065.71,2264650369.71,0.19827385234614675,-0.014462285524946768,0.03303102548261899,0.19450768810828908
107,2017-12-18,18972.32,2597510049.89,0.20173101025930407,-0.004898322695561792,0.003457157913157316,0.19413152680435547
108,2017-12-19,17523.7,3136709262.09,0.15001965008225507,-0.07635439419111627,-0.051711360177049,0.18636573249462432
109,2017-12-20,16461.97,3791752510.78,0.21437173034733242,-0.060588231937319145,0.06435208026507735,0.18999922529473032
110,2017-12-21,15632.12,2619295475.76,0.18108579898264485,-0.050410127099004574,-0.033285931364687577,0.1803511208979785
111,2017-12-22,13664.97,6245731508.4,0.18371153088007386,-0.12584025711163946,0.0026257318974290123,0.1849194856801836
112,2017-12-23,14396.46,2491903154.48,0.22025978485360545,0.05353030412800027,0.03654825397353159,0.19277905110733753
113,2017-12-24,13789.95,2428437693.16,0.17515722025036926,-0.04212910673873983,-0.045102564603236195,0.18947667509365504
114,2017-12-25,13833.49,1487888106.52,0.15932505351602289,0.003157371854140084,-0.01583216673434637,0.18341868127318633
115,2017-12-26,15756.56,2198577125.17,0.19898284046528728,0.13901553404093975,0.03965778694926439,0.19041342275647666
116,2017-12-27,15416.64,2162831128.76,0.24542304998931175,-0.021573236797879744,0.04644020952402447,0.1948493255624737
117,2017-12-28,14398.7,2425912717.56,0.20530899597275198,-0.0660286547522676,-0.040114054016559764,0.19830978227534615
118,2017-12-29,14392.57,1733583750.2,0.24734389378014907,-0.00042573287866272776,0.04203489780739708,0.20740011983249976
119,2017-12-30,12531.52,2387311023.42,0.2978112241299742,-0.12930630179321687,0.05046733034982512,0.21847889687198102
120,2017-12-31,13850.4,1492142483.58,0.20333623386524857,0.10524501417226316,-0.09447499026472561,0.22250447024553519
121,2018-01-01,13444.88,1057521524.42,0.17062077173582274,-0.029278576792006038,-0.03271546212942583,0.22411814427693516
122,2018-01-02,14754.13,1956783037.35,0.17733940191962919,0.09737907664478969,0.0067186301838064455,0.2210262244846983
123,2018-01-03,15156.62,1604206990.04,0.23920165646795258,0.027279819277720992,0.06186225454832339,0.220137453981647
124,2018-01-04,15180.08,1656714736.62,0.17978469676260836,0.0015478385022517636,-0.05941695970534422,0.21649112552305505
125,2018-01-05,16954.78,2283988962.92,0.18069186663366993,0.11690979230675984,0.0009071698710615694,0.2069694073592723
126,2018-01-06,17172.3,1412703790.73,0.2326099050599449,0.012829420375846837,0.05191803842627496,0.19765493320641098
127,2018-01-07,16228.16,1309532650.11,0.08714756855137806,-0.05498040448862409,-0.14546233650856683,0.1810565524472866
128,2018-01-08,14976.17,2166366561.33,0.10784308982663053,-0.0771492270226569,0.020695521275252468,0.17208831217454484
129,2018-01-09,14468.5,1486802326.34,0.13934911405435843,-0.03389852011562369,0.0315060242277279,0.16666112819379184
130,2018-01-10,14919.49,2025083791.13,0.1512125121755197,0.03117047378788401,0.011863398121161273,0.15409125043773
131,2018-01-11,13308.06,2373494121.74,0.12457083005817644,-0.10800838366458909,-0.02664168211734326,0.14620355519423972
132,2018-01-12,13841.19,1402292716.89,0.1565516847398712,0.04006068502847154,0.031980854681694745,0.14275495778083988
133,2018-01-13,14243.12,1021352776.21,0.31053574016277913,0.029038688147478668,0.15398405542290794,0.15388721993838764
134,2018-01-14,13638.63,1112590573.36,0.19618836991655814,-0.042440841613354485,-0.11434737024622099,0.1694644772762705
135,2018-01-15,13631.98,1170462750.59,0.20315860742868852,-0.0004875856299349448,0.006970237512130384,0.1830809797908502
136,2018-01-16,11282.49,3842651741.45,0.1913846944047117,-0.1723513385436305,-0.011773913023976817,0.19051463412661498
137,2018-01-17,11162.7,3666978316.26,0.14757454189210942,-0.010617337130367416,-0.043810152512602285,0.1899949240861278
138,2018-01-18,11175.52,2357251805.09,0.2086876397298195,0.0011484676646330823,0.06111309783771007,0.2020116111820768
139,2018-01-19,11521.76,1264875700.45,0.17657179933634426,0.030982003521983745,-0.03211584039347523,0.20487162755300153
140,2018-01-20,12783.94,1492721765.44,0.24598128071423522,0.10954749968754776,0.06940948137789096,0.19564956191749525
141,2018-01-21,11549.93,1552755289.93,0.25687295071631666,-0.09652814390555652,0.010891670002081438,0.20431878774603218
142,2018-01-22,10814.52,1811992345.95,0.16508726254652029,-0.06367224736426973,-0.09178568816979638,0.19888002419143674
143,2018-01-23,10858.23,1710180828.64,0.18757478600944508,0.004041788262447074,0.02248752346292479,0.1983357515635415
144,2018-01-24,11429.02,1286435482.05,0.2222401706250299,0.052567499491169456,0.03466538461558483,0.20900226995395868
145,2018-01-25,11175.87,1061064251.44,0.25021986187312006,-0.022149755622091802,0.02797969124809016,0.2149354445458588
146,2018-01-26,11104.2,1560135332.27,0.10199568979498705,-0.006412923557629077,-0.14822417207813302,0.20428171461137917
147,2018-01-27,11459.71,1031091633.68,0.188917115182797,0.03201581383620598,0.08692142538780995,0.19612969096403088
148,2018-01-28,11767.74,1038153169.8,0.13314766247962595,0.026879388745439516,-0.055769452703171046,0.17845464978736075
149,2018-01-29,11233.95,920836244.04,0.1813404819509682,-0.04536045153954787,0.04819281947134224,0.18077653827371046
150,2018-01-30,10107.26,1720894077.2,0.09873638368231648,-0.10029330734069498,-0.08260409826865171,0.1680853379412635
151,2018-01-31,10226.86,1230902973.11,0.16351771942808874,0.011833078401070158,0.06478133574577226,0.1596964163417005
152,2018-02-01,9114.72,1964308989.29,0.15171498608630435,-0.1087469663220188,-0.011802733341784388,0.14562429122929826
153,2018-02-02,8870.82,2768759876.15,0.17274726465704998,-0.0267589130549265,0.021032278570745633,0.15573165906673586
154,2018-02-03,9251.27,1253484523.4,0.3063427498581666,0.04288780518599191,0.13359548520111664,0.17250674973464578
155,2018-02-04,8218.05,1413207410.82,0.24453205517193105,-0.11168412553087317,-0.06181069468623557,0.1884188058335465
156,2018-02-05,6937.08,2534149181.03,0.19812499066556608,-0.15587274353404998,-0.046407064506364976,0.19081659279277474
157,2018-02-06,7701.25,3397596513.74,0.1117899872990399,0.1101572996130937,-0.08633500336652618,0.19268139330944953
158,2018-02-07,7592.72,2159765331.36,0.20660538314726026,-0.014092517448466124,0.09481539584822037,0.19883677384075973
159,2018-02-08,8260.69,1594673973.51,0.22634279493457576,0.08797506032093903,0.0197374117873155,0.2094978893905128
160,2018-02-09,8696.83,1348072086.15,0.17027801646301363,0.05279704237781582,-0.05606477847156213,0.2091451396485076
161,2018-02-10,8569.29,1348923336.33,0.1176273825543894,-0.014665113610361368,-0.052650633908624234,0.18218580146225372
162,2018-02-11,8084.61,1013771945.88,0.21507925505374323,-0.05656011174788123,0.09745187249935383,0.17797825858822688
163,2018-02-12,8911.27,1085921871.17,0.20771742382136738,0.10225106715104387,-0.007361831232375854,0.17934860618191278
164,2018-02-13,8544.69,853320352.71,0.21070028991152548,-0.04113667299947144,0.002982866090158104,0.19347864941226786
165,2018-02-14,9485.64,1220863360.18,0.25513517415461434,0.11012102252978152,0.04443488424308886,0.20041147669903275
166,2018-02-15,10033.75,1666668487.88,0.209261716880893,0.057783133241404966,-0.04587345727372133,0.19797132269136378
167,2018-02-16,10188.73,1061827697.26,0.14035301728541183,0.015445870188115067,-0.06890869959548118,0.19369632280884924
168,2018-02-17,11097.21,1327921168.02,0.22481213223029384,0.08916518545490945,0.08445911494488201,0.209008429905407
169,2018-02-18,10417.23,1659704217.34,0.2804143130727359,-0.06127486097857025,0.05560218084244206,0.21834200962240596
170,2018-02-19,11182.28,1186535653.61,0.21015911927364772,0.07344082832000456,-0.07025519379908818,0.21869082325844597
171,2018-02-20,11256.43,1640343867.77,0.14726485597692013,0.00663102694620414,-0.06289426329672759,0.2096286184106452
172,2018-02-21,10481.66,1982721124.63,0.18545483515245836,-0.06882910478721943,0.038189979175538236,0.19967428426748005
173,2018-02-22,9847.96,1795951829.82,0.12200563192621733,-0.06045798089233964,-0.06344920322624104,0.18720912927395492
174,2018-02-23,10175.51,1399448203.16,0.1276632908070601,0.03326069561614803,0.00565765888084277,0.18539631120561895
175,2018-02-24,9705.73,1244484468.57,0.21883451489631392,-0.04616771051279009,0.09117122408925382,0.18454236587219325
176,2018-02-25,9610.11,793093192.66,0.2726174784182996,-0.00985191222092506,0.053782963521985666,0.18342853235013093
177,2018-02-26,10326.5,1181729273.47,0.20777395988775182,0.07454545265350754,-0.06484351853054776,0.18308779529500294
178,2018-02-27,10594.76,1060840699.02,0.1764467629992013,0.02597782404493296,-0.03132719688855051,0.1872566391553288
179,2018-02-28,10334.44,1126074675.67,0.12823015096115453,-0.024570636805364133,-0.04821661203804678,0.17908168427085686
180,2018-03-01,10929.37,952472120.03,0.11628665717727467,0.05756770565216889,-0.011943493783879863,0.17826468787815078
181,2018-03-02,11043.12,852908489.64,0.18191008698759875,0.010407736219013537,0.06562342981032408,0.1860142301896563
182,2018-03-03,11465.36,812200126.22,0.1435853417137502,0.038235571106716194,-0.03832474527384855,0.1752643483064329
183,2018-03-04,11504.42,690727335.55,0.21757504606120304,0.003406783563708378,0.07398970434745283,0.16740114368399053
184,2018-03-05,11440.73,791471905.1,0.20115774949751486,-0.005536133068855319,-0.016417296563688177,0.16645597077109953
185,2018-03-06,10735.45,1210081181.36,0.22439859229849823,-0.06164641591926379,0.023240842800983375,0.1733062320995705
186,2018-03-07,9928.56,1858869115.0,0.1638714855719335,-0.07516126478163479,-0.06052710672656472,0.17839785132968178
187,2018-03-08,9316.72,1492236089.97,0.1901254222586938,-0.06162424359625164,0.026253936686760293,0.1889462463413131
188,2018-03-09,9252.76,2081621422.7,0.10482944920219357,-0.006865076979881238,-0.08529597305650023,0.17793472665768378
189,2018-03-10,8797.27,1084925795.69,0.1401971220295094,-0.04922747374837343,0.03536767282731583,0.17745069527422078
190,2018-03-11,9544.84,1374814644.2,0.18324698019005128,0.08497749870130161,0.04304985816054188,0.17254668586405625
191,2018-03-12,9142.15,1435404200.39,0.11349502323125236,-0.04218928761508842,-0.06975195695879892,0.16002343925459014
192,2018-03-13,9160.12,1228556284.3,0.14777437224690515,0.001965620778482213,0.034279349015652785,0.14907712210436255
193,2018-03-14,8217.7,1385572511.72,0.12353238985379322,-0.10288293166465068,-0.024241982393111927,0.14331439414462824
194,2018-03-15,8268.41,1519850464.55,0.17068976461632132,0.006170826386945145,0.0471573747625281,0.1405378716242893
195,2018-03-16,8283.23,1082790136.53,0.15365515274608343,0.001792363949054257,-0.017034611870237887,0.1475129721305593
196,2018-03-17,7883.45,901939422.97,0.153923286661729,-0.04826378115783333,0.0002681339156455631,0.149473852792305
197,2018-03-18,8215.4,1535519444.95,0.24252338066178317,0.042107199259207556,0.08860009400005417,0.1579419100025524
198,2018-03-19,8623.14,1447812723.08,0.16672091699961372,0.04963118046595416,-0.07580246366216944,0.16554560911231833
199,2018-03-20,8920.71,1150462439.42,0.08076057547993312,0.03450831135757969,-0.0859603415196806,0.15597220957417948
200,2018-03-21,8911.35,991376396.96,0.178961371836579,-0.0010492438382145328,0.09820079635664589,0.1638906355717203
201,2018-03-22,8724.98,1023286566.15,0.1145997301810725,-0.0209137784959631,-0.06436164165550651,0.15587777350954188
202,2018-03-23,8934.8,939997284.45,0.1479977407471478,0.024048192660613518,0.033398010566075303,0.15506957179540823
203,2018-03-24,8548.06,827663165.33,0.22881147149312642,-0.04328468460402021,0.08081373074597861,0.16576788391417926
204,2018-03-25,8472.84,657643520.26,0.2600296963717367,-0.00879965746613844,0.031218224878610257,0.16826878615845833
205,2018-03-26,8152.2,1079038734.78,0.18181534256020704,-0.037843273329839854,-0.07821435381152964,0.1704251326671145
206,2018-03-27,7808.48,930754990.52,0.13291916061334388,-0.042162851745541116,-0.048896181946863154,0.17787635911474461
207,2018-03-28,7959.78,657712114.92,0.1562305763836583,0.01937637030510422,0.023311415770314425,0.17462910262147022
208,2018-03-29,7106.62,1379180030.3,0.07078073644217342,-0.10718386689079346,-0.08544983994148489,0.1683692463730561
209,2018-03-30,6853.76,1584675343.21,0.09815508664815537,-0.03558090906788314,0.027374350205981945,0.16124886721605716
210,2018-03-31,6943.77,915400590.57,0.07505736047475821,0.013132937249042893,-0.023097726173397157,0.13928399421343313
211,2018-04-01,6835.84,889887684.72,0.13577982563642957,-0.015543429577880645,0.06072246516167136,0.12153401267981781
212,2018-04-02,7074.6,748861435.14,0.14029529830286572,0.03492767531130047,0.004515472666436149,0.1156025777859119
213,2018-04-03,7434.3,905326798.64,0.10486743971967186,0.050843863964040344,-0.03542785858319386,0.1115951890868159
214,2018-04-04,6815.5,877199782.17,0.027726741764250648,-0.08323581238314302,-0.07714069795542121,0.09323749842690052
215,2018-04-05,6790.45,777145174.76,0.04740925609259981,-0.0036754456752989776,0.01968251432834916,0.08989871551981857
216,2018-04-06,6634.86,605651287.47,0.16486253661542352,-0.02291306172639518,0.11745328052282372,0.09942835122942831
217,2018-04-07,6917.2,564883141.53,0.14422361211002027,0.04255402525448919,-0.02063892450540325,0.10930924432018004
218,2018-04-08,7049.92,425825572.09,0.1832730199345456,0.019186954258948744,0.03904940782452532,0.11609398636276803
219,2018-04-09,6789.53,901883664.92,0.12526728076689972,-0.036935170895556306,-0.05800573916764587,0.1139471267147729
220,2018-04-10,6871.07,424510977.27,0.05180828679128232,0.012009667826786238,-0.07345899397561739,0.10636724772500297
221,2018-04-11,6977.13,450141340.22,0.11924992033949536,0.015435732717029575,0.06744163354821303,0.11944198752146651
222,2018-04-12,7927.73,1490759969.77,0.2006952901021692,0.1362451323108498,0.08144536976267383,0.14133999237997644
223,2018-04-13,7899.11,1171435820.59,0.1091030267168581,-0.00361011285702211,-0.09159226338531108,0.1333743481087528
224,2018-04-14,8022.51,537286381.88,0.2108980435600692,0.015622013112869747,0.10179501684321109,0.1428992668873312
225,2018-04-15,8376.73,570527804.56,0.17071390960849658,0.044153263754111785,-0.04018413395157261,0.1411051082693242
226,2018-04-16,8079.77,713471956.84,0.18413844015348302,-0.03545058752042851,0.013424530544986435,0.14951527389597893
227,2018-04-17,7921.63,580880500.84,0.19413303425949502,-0.01957233931163886,0.009994594106012,0.16984738067715216
228,2018-04-18,8189.96,593500791.64,0.09403269671400195,0.033873079151639236,-0.10010033754549306,0.1662449201592245
229,2018-04-19,8301.82,602099034.89,0.14508860310595656,0.01365818636476853,0.051055906391954606,0.15830110773119416
230,2018-04-20,8877.08,979994921.45,0.18010262118681838,0.06929323931378906,0.035014018080861825,0.1684439069411885
231,2018-04-21,8935.72,829073400.66,0.14882314348356793,0.006605775773114517,-0.03127947770325046,0.1595760640731169
232,2018-04-22,8823.36,610183093.43,0.16632013545819546,-0.01257425255043788,0.017496991974627535,0.15894838205164527
233,2018-04-23,8968.25,553892335.42,0.09955753158273015,0.016421181953360103,-0.06676260387546532,0.1468653951129663
234,2018-04-24,9655.77,1276464750.74,0.1598715729158509,0.07666155604493635,0.060314041333120766,0.14197090063530285
235,2018-04-25,8873.62,1779806222.98,0.09388878972180632,-0.08100337932655807,-0.06598278319404459,0.14195034249356062
236,2018-04-26,9282.12,997427934.62,0.19246812209594372,0.046035327183269054,0.0985793323741374,0.1487188452064159
237,2018-04-27,8938.47,758182407.35,0.168295177261693,-0.03702279220695288,-0.024172944834250726,0.14703206750282655
238,2018-04-28,9351.47,774111704.68,0.1797641799578488,0.046204775537647944,0.011469002696155806,0.151452215570581
239,2018-04-29,9407.04,640931911.37,0.14696647552611977,0.005942381251290068,-0.032797704431729024,0.14868740700885588
240,2018-04-30,9248.45,574099218.21,0.16532042467051167,-0.016858650542572386,0.018353949144391896,0.15808210602139608
241,2018-05-01,9077.28,669555436.99,0.18782868265630656,-0.018507966199741585,0.022508257985794894,0.16207597884146116
242,2018-05-02,9232.19,527488395.49,0.1573687850722483,0.01706568487476423,-0.03045989758405826,0.17114454960581
243,2018-05-03,9745.04,857646889.15,0.10309604805068119,0.05555019989839901,-0.05427273702156711,0.1583771104564868
244,2018-05-04,9699.61,663887678.35,0.15042777642880728,-0.004661858750708082,0.04733172837812609,0.15582462462321742
245,2018-05-05,9845.9,679872376.4,0.13153909225746352,0.015082049690657568,-0.01888868417134376,0.14893532638030524
246,2018-05-06,9644.92,608650204.19,0.174973744635345,-0.020412557511248295,0.043434652377881494,0.15293636482448028
247,2018-05-07,9377.81,692580062.51,0.15621799282146992,-0.027694371752176334,-0.018755751813875093,0.15163601741747432
248,2018-05-08,9196.13,673924125.29,0.18004810856807324,-0.019373393148293717,0.02383011574660332,0.150524506833441
249,2018-05-09,9321.16,625495066.08,0.18702415522493124,0.013595936551571222,0.006976046656857998,0.15476098828382429
250,2018-05-10,9032.22,629850604.12,0.18846529980674848,-0.030998287766758698,0.0014411445818172386,0.16695659567754814
251,2018-05-11,8421.0,1176888629.2,0.15407904530141225,-0.067671070899513,-0.03438625450533622,0.1674782055164917
252,2018-05-12,8486.67,783972252.35,0.17562204499229225,0.007798361239757757,0.02154299969088,0.17377577019289583
253,2018-05-13,8709.46,525395861.86,0.17838249795450958,0.026251757167416553,0.00276045296221733,0.1742627349527765
254,2018-05-14,8672.9,874543293.99,0.19584319484109827,-0.004197734417518364,0.01746069688658869,0.1799234780984377
255,2018-05-15,8480.16,730739738.9,0.19119989903194817,-0.02222324712610543,-0.0046432958091501,0.1815165910218484
256,2018-05-16,8344.78,789660713.22,0.1531330642195018,-0.015964321427897492,-0.03806683481244638,0.17667500659250132
257,2018-05-17,8071.04,615539512.71,0.2631389730335454,-0.032803740781662385,0.1100059088140436,0.18734267419632947
258,2018-05-18,8247.91,558167598.76,0.21192263383146617,0.021914152327333267,-0.051216339202079214,0.19560604398633716
259,2018-05-19,8249.24,381458405.45,0.14796327436018197,0.0001612529719650102,-0.0639593594712842,0.19165479103889282
260,2018-05-20,8533.0,418898289.02,0.15456678615044825,0.034398320330115285,0.0066035117902662754,0.18825254649545548
261,2018-05-21,8419.65,463653636.91,0.1277769426133554,-0.013283722020391464,-0.02678984353709285,0.1785287961772065
262,2018-05-22,7992.75,543342369.36,0.15914583143954433,-0.0507028201884876,0.031368888826188934,0.17394964366400598
263,2018-05-23,7505.77,934151146.29,0.17785826499923557,-0.06092771574239149,0.01871243355969124,0.1774818152039679
264,2018-05-24,7584.74,826278113.25,0.11137037973184269,0.010521238993467604,-0.06648788526739288,0.15580058758943896
265,2018-05-25,7475.36,634474356.99,0.20384581399200974,-0.014421061236113579,0.09247543426016705,0.15464675618380233
266,2018-05-26,7355.06,368322782.27,0.13936770561443157,-0.016092870443697598,-0.06447810837757817,0.15341881779155228
267,2018-05-27,7362.23,341348321.23,0.12908972128550525,0.0009748390903676058,-0.01027798432892632,0.14977923709656044
268,2018-05-28,7118.88,526854342.95,0.1656870749466885,-0.033053843740279705,0.036597353661183246,0.15519497028703658
269,2018-05-29,7474.75,634849312.09,0.086570471486815,0.04998960510642122,-0.0791166034598735,0.14482706172236096
270,2018-05-30,7393.02,505870974.98,0.21227753469750513,-0.0109341449546807,0.12570706321069014,0.14974410025068519
271,2018-05-31,7502.15,458223966.12,0.17216052102459364,0.01476122071900241,-0.04011701367291148,0.15842840614964962
272,2018-06-01,7530.55,458687659.47,0.16502815218343544,0.003785581466646301,-0.007132368841158199,0.15288302589128186
273,2018-06-02,7643.26,362414878.61,0.2187778715359527,0.014967034280364652,0.05374971935251727,0.16422733530864203
274,2018-06-03,7719.75,332313005.46,0.2908878393734532,0.010007509884525685,0.07210996783750048,0.18734135217834885
275,2018-06-04,7503.2,427448262.3,0.17705148557110678,-0.028051426535833437,-0.11383635380234641,0.1889648394104086
276,2018-06-05,7629.4,440337235.4,0.11530085898863561,0.01681949035078364,-0.06175062658247117,0.19306918048209723
277,2018-06-06,7661.79,396116252.65,0.11596805517865486,0.004245419036883678,0.0006671961900192452,0.17931068340797576
278,2018-06-07,7700.11,342475552.09,0.17644368149271245,0.005001442221726216,0.06047562631405759,0.17992256347484986
279,2018-06-08,7627.52,310119047.41,0.150873912158983,-0.009427138053871858,-0.025569769333729453,0.1779005291856424
280,2018-06-09,7513.69,218013881.09,0.10007542569899631,-0.01492359246517883,-0.05079848645998668,0.16094303692322007
281,2018-06-10,6773.72,895514425.38,0.12781710428734003,-0.09848290254189344,0.027741678588343713,0.13764721762520388
282,2018-06-11,6887.37,482788065.15,0.1221677214677993,0.016778077629426614,-0.005649382819540721,0.12980667989615996
283,2018-06-12,6556.94,509372466.34,0.06807780973360635,-0.047976223144683715,-0.05408991173419296,0.12306053000258435
284,2018-06-13,6310.43,797087281.14,0.11776833787656373,-0.03759528072546025,0.04969052814295738,0.12331771324514276
285,2018-06-14,6643.26,620296377.11,0.14614864144032974,0.05274284002833403,0.028380303563766016,0.11898985038051668
286,2018-06-15,6396.71,379228601.07,0.12301452573264667,-0.03711280305151389,-0.023134115707683076,0.11500993803389721
287,2018-06-16,6503.1,232802782.59,0.1039780261459673,0.016631987381013104,-0.01903649958667937,0.11556745238346448
288,2018-06-17,6457.78,224575526.46,0.13046476170911692,-0.006968984023004508,0.02648673556314962,0.11594568915800404
289,2018-06-18,6714.82,430241689.13,0.11861397729166777,0.03980315216684371,-0.011850784417449148,0.11543801141855668
290,2018-06-19,6741.28,370797057.99,0.10315634615114584,0.003940537497654447,-0.015457631140521927,0.12044923090677662
291,2018-06-20,6761.27,400530201.24,0.11889725380137971,0.0029653122255715075,0.015740907650233865,0.12061050461032176
292,2018-06-21,6720.64,295690715.67,0.16329254157879702,-0.006009226077349389,0.04439528777741732,0.12305963320153139
293,2018-06-22,6051.47,862826624.25,0.05212510421230969,-0.09956938624892868,-0.11116743736648733,0.11293257298434038
294,2018-06-23,6166.54,350697378.49,0.1288258329031227,0.01901521448507548,0.076700728690813,0.11648225966393401
295,2018-06-24,6157.78,667479078.32,0.08570290718742601,-0.0014205697198104964,-0.043122925715696675,0.11008770901797817
296,2018-06-25,6260.35,492834172.99,0.04387986053687211,0.016656977027435314,-0.041823046650553905,0.09941140662443593
297,2018-06-26,6088.39,391396653.43,0.14862019565965504,-0.0274681128051946,0.10474033512278293,0.10590624226850866
298,2018-06-27,6141.57,383457137.86,0.15766294969791347,0.008734657273926173,0.009042754038258438,0.11144419882515634
299,2018-06-28,5871.28,385907044.98,0.17385607751012488,-0.044009919287739126,0.01619312781221141,0.1129532753867746
300,2018-06-29,6203.8,554799001.51,0.08913839877115338,0.05663500974233906,-0.0847176787389715,0.11824088889518085
301,2018-06-30,6385.38,419284677.69,0.14544110342962363,0.029269157613075844,0.056302704658470246,0.12061449897039529
302,2018-07-01,6339.04,259708490.63,0.1479862958252322,-0.007257203173499486,0.0025451923956085754,0.12951212591865333
303,2018-07-02,6615.66,465915661.24,0.1457232922441279,0.04363752240086825,-0.002263003581104317,0.1440611875911184
304,2018-07-03,6509.58,356390898.98,0.1659143281924034,-0.01603468134698578,0.02019103594827551,0.1465317779529396
305,2018-07-04,6590.06,412202352.61,0.1069194755426835,0.012363316834573118,-0.0589948526497199,0.13928271021647814
306,2018-07-05,6534.81,421189063.01,0.08776996756626367,-0.008383838690391285,-0.01914950797641983,0.12698469451021227
307,2018-07-06,6602.02,310759733.14,0.17439221318686315,0.010284920296075943,0.08662224562059949,0.13916381085531365
308,2018-07-07,6758.08,277167900.06,0.1296340868202736,0.02363821981757091,-0.044758126366589546,0.1369056656254065
309,2018-07-08,6707.38,268455446.1,0.1802249401832735,-0.0075021307827074874,0.0505908533629999,0.14151118624798384
310,2018-07-09,6668.84,328316145.78,0.17028479376425176,-0.005745909729283262,-0.009940146419021745,0.1450199721794301
311,2018-07-10,6306.85,470432142.71,0.07628199485858633,-0.05428080445774674,-0.09400279890566543,0.13221535313174199
312,2018-07-11,6394.36,327667754.35,0.1344368856621358,0.013875389457494518,0.058154890803549464,0.13614641172023517
313,2018-07-12,6253.6,409078182.65,0.17985331045397604,-0.02201314908763337,0.04541642479184024,0.1493011749899084
314,2018-07-13,6229.83,319802271.97,0.15637055219008167,-0.0038010106178841684,-0.02348275826389437,0.14672665199036813
315,2018-07-14,6268.75,174416786.37,0.1777543987471345,0.006247361484984353,0.021383846557052832,0.15360098226563396
316,2018-07-15,6364.26,218543291.78,0.14559455092254825,0.015235892323030941,-0.03215984782458625,0.14865378379981609
317,2018-07-16,6740.55,494264915.91,0.22142382697447338,0.05912549141612693,0.07582927605192513,0.1559593599727049
318,2018-07-17,7326.7,799401451.35,0.2744551665481588,0.08695877932809631,0.05303133957368544,0.18426981307121526
319,2018-07-18,7383.39,788460811.94,0.20251798809112195,0.0077374534237788515,-0.07193717845703687,0.1939956848467847
320,2018-07-19,7477.5,522544440.45,0.19228567247834316,0.012746177568840285,-0.010232315612778792,0.19577173656455144
321,2018-07-20,7333.93,603034414.79,0.19400236269707175,-0.01920026746907385,0.0017166902187285837,0.20114770949412142
322,2018-07-21,7405.4,297440355.21,0.2164637619391632,0.009745116192818768,0.02246139924209145,0.2066776185215541
323,2018-07-22,7398.64,355565264.85,0.20009993600124415,-0.0009128473816403313,-0.016363825937919046,0.21446410210422492
324,2018-07-23,7718.0,745533303.01,0.21890044526662233,0.04316468972676055,0.018800509265378185,0.21410361900310335
325,2018-07-24,8395.82,1166560702.13,0.18719463420759766,0.08782327027727387,-0.031705811059024674,0.20163782866873747
326,2018-07-25,8170.23,736530740.43,0.11229842599485688,-0.02686932306790762,-0.07489620821274078,0.18874931979784249
327,2018-07-26,7937.25,643953970.45,0.11704578266824574,-0.028515721099650754,0.004747356673388853,0.17800076411068572
328,2018-07-27,8182.89,646256012.09,0.10331814863661941,0.030947746385712977,-0.013727634031626329,0.16504587638776397
329,2018-07-28,8230.87,295872316.42,0.1394085822532846,0.005863454109733905,0.03609043361666518,0.1540379935754956
330,2018-07-29,8216.78,280233415.98,0.19983504902529373,-0.001711848200736999,0.060426466772009135,0.15400015257893127
331,2018-07-30,8176.06,681120739.99,0.17043154618858036,-0.004955712578406657,-0.029403502836713363,0.147076024139211
332,2018-07-31,7735.3,765186307.24,0.2112839401951675,-0.053908606345843865,0.040852394006587134,0.1505173535660067
333,2018-08-01,7610.9,595404848.88,0.20920147738622863,-0.016082117047819807,-0.0020824628089388675,0.16436064662191696
334,2018-08-02,7542.34,424093581.76,0.12315297586923385,-0.00900813307230413,-0.08604850151699478,0.16523310279348666
335,2018-08-03,7417.6,586982505.83,0.20411640974799786,-0.016538633898763484,0.08096343387876401,0.17963285438082646
336,2018-08-04,7017.89,534002935.97,0.21368760904203765,-0.053886701898188095,0.009571199294039795,0.19024414392207686
337,2018-08-05,7042.39,368914046.39,0.1812449184967999,0.003491077802587387,-0.03244269054523774,0.18758841098943488
338,2018-08-06,6945.78,410408444.75,0.08703089090593148,-0.013718354138296881,-0.09421402759086843,0.1756740316633422
339,2018-08-07,6723.21,575690006.27,0.09503018134204051,-0.03204391731382217,0.00799929043610903,0.15906635182718118
340,2018-08-08,6285.02,838853615.89,0.07362648706661468,-0.06517571219700108,-0.021403694275425836,0.13969849606723633
341,2018-08-09,6543.24,575748446.38,0.14831942004301124,0.04108499256963372,0.07469293297639656,0.14329370237777597
342,2018-08-10,6153.41,639457019.98,0.10272896418165864,-0.059577518171425765,-0.0455904558613526,0.12880978158258466
343,2018-08-11,6242.54,545722619.11,0.09873165410299756,0.014484651599682145,-0.003997310078661082,0.11238750230557892
344,2018-08-12,6322.92,366460108.69,0.1677378843432473,0.012876168995312822,0.06900623024024974,0.11045792599792856
345,2018-08-13,6263.2,452431672.68,0.053818839466393126,-0.009445003257988438,-0.11391904487685417,0.10571334722085164
346,2018-08-14,6199.6,759847789.73,0.04096693223438933,-0.01015455358283297,-0.012851907232003794,0.0979900259197586
347,2018-08-15,6274.22,852103141.83,0.035239254741996795,0.012036260403897008,-0.005727677492392537,0.09250613558767032
348,2018-08-16,6323.81,454679037.36,0.1589719667880283,0.007903771305437193,0.1237327120460315,0.09402792797981561
349,2018-08-17,6591.16,477089455.56,0.11509384215443945,0.04227672874422214,-0.04387812463358885,0.0957943391187843
350,2018-08-18,6405.71,336744293.81,0.12493658378694626,-0.028136170264414735,0.009842741632506813,0.09953790050220554
351,2018-08-19,6502.18,253984821.8,0.1970102991979699,0.015060001155219367,0.07207371541102363,0.10371967405288018
352,2018-08-20,6269.9,397981291.82,0.12976868777343542,-0.03572340353542976,-0.06724161142453447,0.11456965238245766
353,2018-08-21,6491.11,396746063.37,0.16995715171056794,0.03528126445397854,0.04018846393713252,0.1329968265933403
354,2018-08-22,6366.13,764005011.18,0.13421217929346985,-0.019254025890795192,-0.03574497241709809,0.1471358158149793
355,2018-08-23,6538.95,340811486.77,0.020041284828582955,0.02714679090750577,-0.11417089446488689,0.12728857553505854
356,2018-08-24,6708.96,382456858.97,0.10596664929903034,0.025999587089670394,0.08592536447044738,0.12598469084142866
357,2018-08-25,6749.56,258296664.16,0.11764575679751542,0.006051608595072912,0.01167910749848508,0.12494314412865283
358,2018-08-26,6720.6,265820591.17,0.10295301255920321,-0.0042906500571889186,-0.014692744238312211,0.11150638889454331
359,2018-08-27,6915.73,405769271.5,0.11708154189411293,0.029034610005058952,0.014128529334909726,0.10969393948321152
360,2018-08-28,7091.38,487789642.0,0.19936969418758785,0.025398620246886525,0.08228815229347491,0.11389573126564294
361,2018-08-29,7052.0,356139022.3,0.17807329659672722,-0.005553220952762383,-0.021296397590860633,0.12016160516610828
362,2018-08-30,6998.76,425475685.56,0.14148546584204502,-0.00754963131026656,-0.036587830754682193,0.13751077388231717
363,2018-08-31,7026.96,349131152.81,0.18425294098514913,0.0040292851876617885,0.04276747514310411,0.14869452983747697
364,2018-09-01,7203.46,300301833.39,0.18270527980052864,0.025117547275066317,-0.0015476611846204913,0.15798874740933602
365,2018-09-02,7301.26,447453370.83,0.1321723397489956,0.013576808922378994,-0.050532940051533054,0.1621629370078778
366,2018-09-03,7270.05,309327793.27,0.2493323254739634,-0.004274604657278337,0.1171599857249678,0.18105590609071356
367,2018-09-04,7369.86,343762001.58,0.21793003350696163,0.013728928961974056,-0.031402291967001755,0.18370738313633841
368,2018-09-05,6705.03,797851163.66,0.12512331199656102,-0.09020931198150303,-0.09280672151040062,0.17614309962202895
369,2018-09-06,6515.42,823309044.3,0.13347617387489244,-0.02827876981907608,0.008352861878331425,0.17499891505529286
370,2018-09-07,6411.78,344487244.01,0.10597896262494766,-0.015906879372319868,-0.02749721124994478,0.16381691814669264
371,2018-09-08,6200.16,317380272.09,0.10879639324005101,-0.03300487540121463,0.002817430615103353,0.15325850578091013
372,2018-09-09,6249.07,244400344.41,0.02705520446049654,0.007888506103068285,-0.08174118877955447,0.1382417721682674
373,2018-09-10,6324.43,320435279.61,0.16163074022793145,0.012059394437892453,0.13457553576743492,0.1257129742759771
374,2018-09-11,6295.54,324512939.85,0.15037863650611755,-0.004568000594520032,-0.0112521037218139,0.11606277470442795
375,2018-09-12,6337.11,332537236.17,0.07535953529102403,0.006603087264952603,-0.07501910121509352,0.1089536637464941
376,2018-09-13,6492.0,425090869.76,0.19621281212607475,0.02444174079351634,0.12085327683505072,0.11791604063952014
377,2018-09-14,6486.01,377989402.01,0.20480027892310618,-0.000922674060381975,0.008587466797031429,0.13203337153925707
378,2018-09-15,6522.08,208349557.0,0.06399025970857328,0.0055612001831634094,-0.1408100192145329,0.12563249532047455
379,2018-09-16,6502.44,200545603.1,0.09969541796160615,-0.0030113092755685803,0.03570515825303287,0.13600966867777592
380,2018-09-17,6261.48,399675966.34,0.19757841252525385,-0.03705685865613524,0.0978829945636477,0.14114505043453626
381,2018-09-18,6346.44,348485895.37,0.15824053702405613,0.013568677053987243,-0.03933787550119772,0.14226817907995606
382,2018-09-19,6398.8,452379323.08,0.10285596377396805,0.00825029465338057,-0.05538457325008808,0.1461962402918052
383,2018-09-20,6505.9,301619960.91,0.10743846508619186,0.016737513283740617,0.004582501312223805,0.1335141907146791
384,2018-09-21,6762.06,569642976.25,0.18969902003732034,0.03937349175363913,0.08226055495112848,0.1313568680167097
385,2018-09-22,6716.6,261159308.22,0.1273568445045742,-0.006722803406062654,-0.062342175532746125,0.14040923727328125
386,2018-09-23,6702.7,169080003.37,0.2520565858500834,-0.002069499449126127,0.12469974134550918,0.16217511840020657
387,2018-09-24,6583.53,324660682.66,0.25225254347759907,-0.017779402330404176,0.00019595762751567491,0.16998570853625591
388,2018-09-25,6437.74,420279170.44,0.20333107452249238,-0.022144654919169497,-0.048921468955106684,0.17642721389317537
389,2018-09-26,6462.6,264402806.65,0.18259300584942703,0.0038616036062345768,-0.020738068673065352,0.18781821990395522
390,2018-09-27,6686.13,345096700.08,0.1665845890702584,0.03458824621669293,-0.016008416779168644,0.19626766618739327
391,2018-09-28,6635.38,497340510.07,0.2310369262012295,-0.007590340002363101,0.06445233713097112,0.20217308135366602
392,2018-09-29,6603.75,245055396.51,0.09089499077793115,-0.004766870925252225,-0.14014193542329836,0.1969642451070027
393,2018-09-30,6623.71,174302164.09,0.092096642889807,0.003022525080446721,0.0012016521118758533,0.17411282468410608
394,2018-10-01,6594.98,256959931.63,0.15022178566168595,-0.0043374483484332005,0.058125142771878954,0.15953700213897562
395,2018-10-02,6525.47,267166277.79,0.1769479310459909,-0.01053983484407827,0.026726145384304956,0.15576798164233255
396,2018-10-03,6492.26,306385346.59,0.26585263922579877,-0.005089288587641968,0.08890470817980786,0.16766221498181424
397,2018-10-04,6579.79,277614018.45,0.2119946272754906,0.013482208044656212,-0.05385801195030818,0.1741493632968474
398,2018-10-05,6632.87,262562344.98,0.1384163446183317,0.00806712676240426,-0.0735782826571589,0.16091785164214772
399,2018-10-06,6589.94,162722103.98,0.1311042768982742,-0.006472311382553901,-0.007312067720057491,0.1666620353736253
400,2018-10-07,6601.15,179378859.39,0.15809498248466292,0.0017010777032871371,0.02699070558638872,0.1760903696014619
401,2018-10-08,6650.07,313507433.75,0.1876328605382786,0.007410829931148372,0.029537878053615685,0.18143480886954658
402,2018-10-09,6631.79,213976678.23,0.1905813425043373,-0.0027488432452590344,0.002948481966058708,0.18338243907788176
403,2018-10-10,6581.07,323664963.18,0.17948928645344187,-0.007648010567282778,-0.011092056050895444,0.17104481725325935
404,2018-10-11,6209.47,654924117.8,0.020901109836461252,-0.05646498213816286,-0.1585881766169806,0.143745743333398
405,2018-10-12,6250.85,289840137.45,0.08375360951480963,0.006664014803195781,0.06285249967834838,0.135936781175752
406,2018-10-13,6267.27,137705035.59,0.09810430445615483,0.002626842749386095,0.014350694941345193,0.1312224993983064
407,2018-10-14,6277.73,215422888.18,0.08925897390228345,0.0016689882516628654,-0.008845330553871378,0.12138878388653793
408,2018-10-15,6612.36,1190524168.21,0.18350855631792645,0.05330429948404919,0.094249582415643,0.12079959756934475
409,2018-10-16,6583.05,324232509.78,0.12590750776098003,-0.00443260802497134,-0.05760104855694642,0.1115604783202937
410,2018-10-17,6574.52,220418636.64,0.19770013881338946,-0.001295751969072048,0.07179263105240943,0.11416202865742907
411,2018-10-18,6488.72,331761115.45,0.10715755377470958,-0.013050382385330059,-0.09054258503867989,0.12648437779146454
412,2018-10-19,6469.28,237855085.41,0.11122271660195675,-0.0029959683882184018,0.004065162827247171,0.1304085359467713
413,2018-10-20,6490.56,127185847.78,0.11753184153579214,0.0032893923280489725,0.006309124933835397,0.13318389838671946
414,2018-10-21,6509.87,105283929.06,0.13136109920852573,0.0029750899768278068,0.013829257672733589,0.13919848771618265
415,2018-10-22,6483.23,202766914.4,0.19822763596656787,-0.004092247617848026,0.06686653675804213,0.1413012133802743
416,2018-10-23,6470.22,220913293.6,0.2751779987001727,-0.0020067157882720974,0.07695036273360481,0.16262556922873037
417,2018-10-24,6476.25,222068131.83,0.16554607512614258,0.0009319621280265192,-0.1096319235740301,0.15803213155912368
418,2018-10-25,6462.77,231214963.95,0.17459916840166517,-0.002081451457247568,0.009053093275522589,0.16766664793440306
419,2018-10-26,6457.21,215447656.36,0.1827272520178216,-0.0008603122190640236,0.00812808361615644,0.17788158156524086
420,2018-10-27,6470.17,124066466.34,0.24187993670968905,0.002007058776158749,0.059152684691867435,0.19564559516151186
421,2018-10-28,6470.74,109118160.99,0.18272126131650884,8.80966033349524e-05,-0.059158675393180205,0.202982761176938
422,2018-10-29,6313.91,342463526.52,0.18260675084352987,-0.02423679517334956,-0.00011451047297897365,0.20075120615936118
423,2018-10-30,6309.11,269592154.08,0.16820387220776034,-0.0007602262306558348,-0.014402878635769528,0.18546918808901655
424,2018-10-31,6342.61,245357244.49,0.10546074566579076,0.005309782203829066,-0.06274312654196958,0.17688556959468058
425,2018-11-01,6381.3,199861220.45,0.14299358337293225,0.006100012455440349,0.037532837707141484,0.1723704860191473
426,2018-11-02,6394.66,179385606.7,0.1372855509421041,0.002093617288013363,-0.005708032430828153,0.16587881443690194
427,2018-11-03,6376.32,183565304.27,0.1380107684996523,-0.0028680180025208763,0.0007252175575482023,0.15104036183546812
428,2018-11-04,6467.05,175805188.92,0.15883788332278595,0.014229210579142903,0.020827114823133652,0.14762845069350772
429,2018-11-05,6433.74,155758902.3,0.17535727810836507,-0.00515072560131751,0.016519394785579122,0.1465928117313413
430,2018-11-06,6479.72,239808254.25,0.21543092335763503,0.007146698498851442,0.04007364524926996,0.15333953332418054
431,2018-11-07,6529.68,360052788.55,0.21807712413608524,0.007710209700419159,0.0026462007784502084,0.1694275873913655
432,2018-11-08,6446.06,273205386.68,0.18400159446353936,-0.012806140576567288,-0.03407552967254587,0.17528587469002363
433,2018-11-09,6377.99,237893036.71,0.04830153806341703,-0.010559938939445276,-0.13570005640012234,0.16257387285021122
434,2018-11-10,6396.37,94313328.59,0.1410398415951009,0.0028817856409307807,0.09273830353168389,0.16300659757813243
435,2018-11-11,6408.18,130156001.58,0.13776585544385872,0.0018463597321606473,-0.003273986151242192,0.15999630788114283
436,2018-11-12,6375.08,181575610.86,0.1947960157785369,-0.005165273135274035,0.05703016033467817,0.1627732704054531
437,2018-11-13,6339.17,227689745.72,0.07123892660160032,-0.005632870489468345,-0.12355708917693657,0.14217441372601955
438,2018-11-14,5741.47,1045469380.16,0.029142693272940296,-0.09428679148847559,-0.04209623332866003,0.1151837807455703
439,2018-11-15,5647.5,820864013.96,-0.029449260649896246,-0.01636688861911675,-0.058591953922836545,0.08469080144365092
440,2018-11-16,5586.27,397196182.83,0.028569860356641785,-0.010841965471447466,0.05801912100653803,0.08187199034268303
441,2018-11-17,5568.94,164182152.19,0.055356158354380486,-0.0031022489066945985,0.0267862979977387,0.06963146416543725
442,2018-11-18,5615.26,233409182.46,0.07753287487570706,0.008317561331240887,0.022176716521326578,0.0610267526557013
443,2018-11-19,4809.62,1072037780.45,0.073442728326881,-0.14347332091479295,-0.004090146548826071,0.04369056873403617
444,2018-11-20,4441.81,1433400842.16,-0.001211019382853803,-0.0764738170583122,-0.07465374770973479,0.03334057645054273
445,2018-11-21,4593.04,686284917.84,0.15879665471997517,0.03404693131853896,0.16000767410282898,0.05186257094297629
446,2018-11-22,4320.68,376852837.57,0.10382806252684347,-0.059298416734885756,-0.0549685921931317,0.07090218853965338
447,2018-11-23,4343.42,521825987.75,0.11510967444162587,0.0052630604441892895,0.0112816119147824,0.08326501912322255
448,2018-11-24,3854.11,503028289.39,0.07476527568770579,-0.11265546504827992,-0.04034439875392008,0.08603775017084045
449,2018-11-25,4004.15,819869496.19,0.09441227646196139,0.038929869671597325,0.019647000774255602,0.08844909325459106
450,2018-11-26,3784.59,715341714.72,0.09454149730716459,-0.05483311064770299,0.00012922084520319843,0.09146320310891728
451,2018-11-27,3822.99,555212127.53,0.186110866768689,0.010146409518600333,0.0915693694615244,0.11822347255913769
452,2018-11-28,4263.55,726808596.57,0.15892835154248144,0.1152396422695326,-0.027182515226207543,0.1182422863909243
453,2018-11-29,4286.69,479575430.64,0.11853536480788847,0.005427402047589313,-0.040392986734592976,0.12034332957393072
454,2018-11-30,4009.67,497762735.43,0.14051544819369252,-0.06462328743156132,0.021980083385804053,0.12397272582422596
455,2018-12-01,4197.46,280927570.31,0.05361868405797633,0.04683427813261439,-0.08689676413571619,0.12095178416283604
456,2018-12-02,4143.86,262154694.41,0.12954201445364177,-0.012769627346061753,0.07592333039566544,0.12597031816164753
457,2018-12-03,3871.41,423985399.83,0.08758675232053276,-0.06574787758273683,-0.04195526213310902,0.12497678316355729
458,2018-12-04,3948.44,373361232.89,0.14571169533847492,0.01989714341803121,0.05812494301794216,0.11920547295924099
459,2018-12-05,3737.53,320944415.67,0.19085063668040284,-0.05341603266100026,0.04513894134192792,0.12376579940751546
460,2018-12-06,3485.18,590923562.42,0.08823027533274383,-0.0675178526995102,-0.102620361347659,0.11943650091106624
461,2018-12-07,3420.57,699930576.16,0.12276281389222189,-0.018538497294257307,0.03453253855947806,0.11690041029657042
462,2018-12-08,3461.07,357548590.53,0.12706277090572227,0.011840131907839922,0.0042999570135003745,0.12739242270339127
463,2018-12-09,3592.84,295321498.63,0.1732793769835747,0.038072041305145514,0.04621660607785244,0.13364061735052454
464,2018-12-10,3467.16,287119758.11,0.073691242094055,-0.034980683804455605,-0.0995881348895197,0.13165554446102773
465,2018-12-11,3401.02,230671778.42,0.1212608915581147,-0.019076131473597952,0.0475696494640597,0.12816257249240487
466,2018-12-12,3485.59,257293632.74,0.1482508904149464,0.02486606959088749,0.026989998856831704,0.12207689445448253
467,2018-12-13,3305.11,286236674.73,0.15155440642802534,-0.05177889539504073,0.003303516013078933,0.1311231988966656
468,2018-12-14,3235.48,290985461.02,0.0878588857782229,-0.02106737748516694,-0.06369552064980244,0.1261369234518086
469,2018-12-15,3232.51,165378769.6,0.08966287826943642,-0.0009179472597573775,0.0018039924912135186,0.1207940816466249
470,2018-12-16,3255.37,148182655.41,0.10429089947234474,0.007071903876554031,0.01462802120290832,0.11093858485930633
471,2018-12-17,3548.19,412454521.38,0.11294825364304116,0.08994983673130863,0.008657354170696421,0.11654672936630436
472,2018-12-18,3715.85,327807644.75,0.2133507771792768,0.04725226101195253,0.10040252353623565,0.12970242731218465
473,2018-12-19,3736.54,620695447.39,0.1528605392944914,0.005568039614085621,-0.060490237884785414,0.13036094858069108
474,2018-12-20,4137.66,724855205.51,0.1374921685499535,0.10735065060189371,-0.015368370744537896,0.12835205745525224
475,2018-12-21,3898.81,516656937.13,0.15602544666082277,-0.05772586437745004,0.018533278110869272,0.13809013758133795
476,2018-12-22,4045.24,250085915.72,0.22693717150854595,0.03755761373342118,0.07091172484772318,0.15770075090121072
477,2018-12-23,4007.63,235997621.23,0.19345244454398164,-0.009297347005369194,-0.03348472696456431,0.1704381144828731
478,2018-12-24,4081.95,459290147.24,0.1254394384435965,0.01854462612566522,-0.06801300610038513,0.17222256945438102
479,2018-12-25,3834.73,367200910.64,0.12805573959799882,-0.06056419113413927,0.002616301154402312,0.16003756408562703
480,2018-12-26,3848.78,263439573.84,0.09745421751305965,0.0036638824636937104,-0.030601522084939173,0.1521223752597082
481,2018-12-27,3646.09,305729129.14,0.047756989156413666,-0.05266344140221058,-0.04969722835664598,0.13930306391777392
482,2018-12-28,3947.86,353705007.17,0.06903227397877228,0.08276537331771842,0.02127528482235861,0.12687546782033815
483,2018-12-29,3797.06,214891355.42,0.10673699943082028,-0.03819790975363872,0.037704725452048005,0.10970401466637733
484,2018-12-30,3896.21,191958416.81,0.1336782276989054,0.026112307943514216,0.026941228268085107,0.10116484083136644
485,2018-12-31,3747.39,206190463.74,0.1679758710628283,-0.03819609312639723,0.03429764336392291,0.10724147406268526
486,2019-01-01,3880.15,170598307.96,0.13849518089505258,0.03542732408422935,-0.029480690167775714,0.10873282281940723
487,2019-01-02,3961.01,210854603.84,0.21083995190176652,0.020839400538639002,0.07234477100671394,0.12493078487493679
488,2019-01-03,3835.86,176488072.06,0.1146890302597885,-0.03159547691119186,-0.09615092164197803,0.13449250503256177
489,2019-01-04,3874.06,170507611.15,0.18731947923166906,0.00995865333979859,0.07263044897188056,0.151390677211547
490,2019-01-05,3855.39,139438510.18,0.1337922991987837,-0.004819233568917382,-0.05352718003288537,0.15525572003554178
491,2019-01-06,4102.85,236298043.75,0.14721919703522787,0.0641854650242908,0.013426897836444185,0.15719014422644498
492,2019-01-07,4050.4,209289368.14,0.12274500858661012,-0.01278379662917247,-0.024474188448617748,0.15072859244412812
493,2019-01-08,4040.75,268091045.44,0.10278103856804141,-0.0023824807426427244,-0.019963970018568714,0.14562657211169797
494,2019-01-09,4048.34,223639028.92,0.15657920118758822,0.001878364165068402,0.05379816261954681,0.13787503629538675
495,2019-01-10,3668.15,412522198.13,0.12549103795868766,-0.09391256663224928,-0.031088163228900567,0.13941818025237235
496,2019-01-11,3669.2,231465488.1,0.137870105749774,0.0002862478361025932,0.012379067791086357,0.13235398404067306
497,2019-01-12,3664.38,103912541.38,0.09075081538089562,-0.0013136378502125012,-0.047119290368878394,0.1262052006381176
498,2019-01-13,3551.24,164125048.97,0.16039672167600527,-0.030875618794994057,0.06964590629510965,0.12808770415822865
499,2019-01-14,3703.9,204793029.92,0.05180269321109442,0.04298780144400275,-0.10859402846491086,0.11795308767601212
500,2019-01-15,3621.24,198582447.53,0.09738320369649202,-0.022317017198088585,0.0455805104853976,0.11718196840864792
501,2019-01-16,3643.99,196211595.54,0.12017148547015248,0.006282378411814738,0.022788281773660463,0.11198086616329994
502,2019-01-17,3685.3,168287506.1,0.17996524201169567,0.011336474578689953,0.05979375654154319,0.11976289531372966
503,2019-01-18,3648.05,118317804.97,0.11031804863691279,-0.010107725286950859,-0.06964719337478288,0.1158268871547495
504,2019-01-19,3729.78,143238228.4,0.11299237856361909,0.022403749948602683,0.002674329926706298,0.11900425332371
505,2019-01-20,3567.73,177628515.93,0.08293214234931919,-0.04344760280767235,-0.0300602362142999,0.10793788484846913
506,2019-01-21,3571.92,129000924.6,0.08408013290673684,0.001174416225443084,0.0011479905574176552,0.11254894766213233
507,2019-01-22,3602.04,191355241.84,0.1420594635676726,0.008432439696297759,0.05797933066093576,0.11893127050087242
508,2019-01-23,3572.05,135864247.56,0.18331413332770577,-0.008325837580926303,0.04125466976003317,0.12795164876623719
509,2019-01-24,3598.52,113155246.95,0.13928601644083935,0.007410310605954508,-0.04402811688686642,0.1221403308275434
510,2019-01-25,3582.89,116674680.78,0.21908818889076978,-0.004343452308171168,0.07980217244993043,0.13767892229238013
511,2019-01-26,3596.5,105927045.55,0.19087111467376613,0.003798609502384982,-0.028217074217003646,0.14880445602240114
512,2019-01-27,3565.08,93766117.67,0.18285104654171208,-0.008736271374947886,-0.008020068132054053,0.163078585192743
513,2019-01-28,3453.42,206309738.62,0.0021121254718504436,-0.03132047527685209,-0.18073892106986164,0.15136886984490205
514,2019-01-29,3418.25,158106687.0,0.09978692096452302,-0.010184107348657294,0.09767479549267258,0.14532993518730924
515,2019-01-30,3467.21,146422486.1,0.11366309172388885,0.01432311855481607,0.013876170759365827,0.13537978638676398
516,2019-01-31,3434.13,128773893.15,0.18029165590028112,-0.00954081235344843,0.06662856417639228,0.14123773488096994
517,2019-02-01,3461.63,144476056.44,0.16876177148682814,0.008007850605539104,-0.011529884413452984,0.13404824668040685
518,2019-02-02,3508.68,94144187.11,0.08859641770553442,0.013591862792961618,-0.08016535378129372,0.11943757568494517
519,2019-02-03,3449.62,79591219.11,0.11930039610962229,-0.016832541012574514,0.030703978404087867,0.11035891133750377
520,2019-02-04,3431.24,82280894.52,0.14981209023065814,-0.005328123097616581,0.030511694121035854,0.1314589063030477
521,2019-02-05,3447.66,84042727.18,0.09799640781266003,0.0047854419976451875,-0.05181568241799811,0.13120311870992443
522,2019-02-06,3394.89,150408587.85,0.15218367604063182,-0.015306033657611245,0.05418726822797179,0.136706059326602
523,2019-02-07,3375.33,97390901.92,0.16783519831499522,-0.005761600523139173,0.015651522274363394,0.13492656538584685
524,2019-02-08,3660.03,317023029.42,0.16644951599377417,0.08434730826319213,-0.001385682321221049,0.13459624317255342
525,2019-02-09,3652.26,94200588.34,0.24038362287478793,-0.0021229334185785312,0.07393410688101376,0.15628012962530394
526,2019-02-10,3685.14,109365095.98,0.20786645164019918,0.009002644937654946,-0.03251717123458875,0.1689324232725292
527,2019-02-11,3611.34,146354074.39,0.21321830754569465,-0.02002637620280362,0.005351855905495473,0.1779904543175344
528,2019-02-12,3617.41,164816438.53,0.161837121759964,0.0016808165390131387,-0.05138118578573064,0.1871105563100064
529,2019-02-13,3605.87,146822348.57,0.10463313002392721,-0.0031901277433301627,-0.0572039917360368,0.18031762116476285
530,2019-02-14,3588.72,117804856.32,0.15125004951924717,-0.004756133748582198,0.04661691949531996,0.17794831419394172
531,2019-02-15,3593.49,130398989.33,0.1729372405917297,0.0013291647161104746,0.021687191072482542,0.17887513199364966
532,2019-02-16,3617.24,86973822.79,0.09871244426401755,0.006609173811531408,-0.07422479632771216,0.158636392192111
533,2019-02-17,3670.92,134218331.16,0.16675102782215298,0.014840043790293233,0.06803858355813543,0.1527627602181044
534,2019-02-18,3912.57,376203280.43,0.15783540211668345,0.06582818476022362,-0.008915625705469526,0.14485091658538854
535,2019-02-19,3924.24,292137057.43,0.1817353022774767,0.002982694239336195,0.02389990016079324,0.14769351380217602
536,2019-02-20,3974.05,209282292.49,0.1699400629986422,0.012692903594071821,-0.011795239278834496,0.15702307565570675
537,2019-02-21,3937.04,187314178.85,0.22837954222152468,-0.009312917552622695,0.05843947922288248,0.16804157461317495
538,2019-02-22,3983.53,170405341.81,0.1638873082837699,0.011808363643752727,-0.06449223393775477,0.16674872714060926
539,2019-02-23,4149.09,231174632.28,0.20275538097428636,0.04156112794431068,0.03886807269051645,0.1816120038135048
540,2019-02-24,3771.62,319071544.94,0.09940303601363586,-0.09097657558645396,-0.1033523449606505,0.1719908621265738
541,2019-02-25,3845.51,185036583.31,0.10093161475891282,0.01959105106028718,0.0015285787452769678,0.1638617496468923
542,2019-02-26,3817.88,126868886.89,0.16474196013307454,-0.007185002769463636,0.06381034537416172,0.1614341293405491
543,2019-02-27,3830.72,175069054.72,0.1725665570506056,0.0033631229897219637,0.007824596917531068,0.16180934277654388
544,2019-02-28,3823.37,170646670.66,0.15496764761641138,-0.0019186993567788587,-0.017598909434194232,0.1513219292615277
545,2019-03-01,3831.48,101774924.71,0.06784857493179064,0.002121165359355785,-0.08711907268462074,0.13760211021124494
546,2019-03-02,3842.94,73894412.97,0.21527148069768584,0.0029910113063359423,0.1474229057658952,0.13939012445744486
547,2019-03-03,3812.31,64065044.79,0.12634058658103528,-0.007970460116473354,-0.08893089411665056,0.14323834596707335
548,2019-03-04,3731.28,147245676.28,0.17014429271659612,-0.021254829748892336,0.04380370613556084,0.15312587138959954
549,2019-03-05,3874.18,165062256.27,0.19184644714353616,0.038297849531527955,0.02170215442694004,0.15699794096252262
550,2019-03-06,3874.98,129520549.49,0.1874947898056529,0.00020649530997531916,-0.004351657337883258,0.15913054564181509
551,2019-03-07,3882.61,146201726.67,0.18392769185091065,0.001969042420864136,-0.0035670979547422488,0.16326769481817213
552,2019-03-08,3868.02,153405087.61,0.10691836776841211,-0.0037577814923466803,-0.07700932408249854,0.16884909379483234
553,2019-03-09,3947.74,108370246.04,0.14604583201390564,0.020610027869555948,0.03912746424549353,0.1589597154114352
554,2019-03-10,3929.84,68252920.53,0.18223471936140534,-0.004534239843555968,0.0361888873474997,0.16694459152291663
555,2019-03-11,3874.89,126998648.6,0.11960463460764498,-0.013982757567738195,-0.06263008475376036,0.15972464036449502
556,2019-03-12,3888.57,130291591.54,0.1612643799844571,0.0035304227990988883,0.041659745376812135,0.15535577362748373
557,2019-03-13,3878.44,108286926.77,0.1456222578255846,-0.0026050707586593807,-0.015642122158872507,0.14937398334461682
558,2019-03-14,3881.44,133931876.12,0.16175326652514152,0.0007735068738977526,0.016131008699556915,0.14620620829807837
559,2019-03-15,3927.08,125588541.02,0.10268570930332295,0.011758522610165266,-0.05906755722181857,0.14560154280306564
560,2019-03-16,4027.01,166216280.52,0.1384262982631939,0.02544638764680126,0.035740588959870936,0.1445130379815354
561,2019-03-17,3998.0,68146133.16,0.1600130285045091,-0.0072038559626125135,0.021586730241315216,0.14133851071626452
562,2019-03-18,3988.85,109428478.54,0.12941023928914097,-0.002288644322161103,-0.03060278921536813,0.14273931138504967
563,2019-03-19,4024.14,118919147.36,0.17926477001381225,0.008847161462576924,0.049854530724671275,0.14531079567495753
564,2019-03-20,4056.75,148490744.9,0.23123235264670583,0.008103594805349746,0.05196758263289358,0.15754080922083197
565,2019-03-21,3996.93,178077036.22,0.19915313061198692,-0.014745794046958813,-0.03207922203471891,0.16288364694752416
566,2019-03-22,4000.84,90726555.79,0.16574088704744336,0.0009782508074948296,-0.03341224356454356,0.17189152948239853
567,2019-03-23,4007.21,74094017.72,0.15759665050301105,0.0015921656452144775,-0.008144236544432304,0.17463015123094383
568,2019-03-24,3994.11,64375076.75,0.10045674154622568,-0.003269107433850462,-0.057139908956785376,0.16612211023690332
569,2019-03-25,3924.55,136398998.18,0.16694931327586607,-0.0174156445365801,0.06649257172964039,0.1714848350921498
570,2019-03-26,3942.22,93805733.55,0.09884558857043267,0.004502427029850459,-0.0681037247054334,0.1599963806002384
571,2019-03-27,4045.98,149005782.26,0.17849690100596402,0.026320195219952266,0.07965131243553135,0.15246274465156098
572,2019-03-28,4036.45,102296341.19,0.16243887498919826,-0.002355424396561575,-0.01605802601676576,0.1472178509911626
573,2019-03-29,4111.38,170915132.77,0.1023570392638394,0.018563341550124565,-0.060081835725358856,0.13816301559350488
574,2019-03-30,4118.13,102400533.82,0.14009060441617327,0.0016417845103104066,0.037733565152333864,0.13566215186681377
575,2019-03-31,4112.69,56727425.19,0.21170636967252474,-0.0013209879241307364,0.07161576525635147,0.1515549558848565
576,2019-04-01,4151.32,152826759.02,0.16209528100867387,0.009392879113183856,-0.04961108866385086,0.15086152270382905
577,2019-04-02,4906.93,814748125.73,0.19658016887371865,0.18201680429357425,0.03448488786504478,0.16482360560429848
578,2019-04-03,4976.59,809158339.99,0.26191206464048816,0.014196248978485499,0.06533189576676951,0.17674005755208766
579,2019-04-04,4913.36,370109007.61,0.21345166176117758,-0.012705487090558087,-0.04846040287931058,0.18402759851951325
580,2019-04-05,5047.23,280722247.3,0.20225648892933015,0.027246120780891264,-0.011195172831847428,0.19829894847172622
581,2019-04-06,5057.25,275839573.8,0.18708651988683264,0.0019852473534989366,-0.015169969042497511,0.2050126506818204
582,2019-04-07,5201.16,243329883.48,0.21142957063098183,0.028456176775915734,0.02434305074414919,0.20497310796159998
583,2019-04-08,5294.09,366577921.18,0.07064018288478018,0.017867168093271556,-0.14078938774620164,0.1919080939439009
584,2019-04-09,5201.3,253577595.39,0.030140898334298796,-0.017527091530366874,-0.04049928455048138,0.16813105529541236
585,2019-04-10,5318.6,349643837.46,0.19975666774774414,0.02255205429411881,0.16961576941344536,0.1592517128821632
586,2019-04-11,5048.56,356811374.12,0.13108081761343768,-0.050772759748806066,-0.06867585013430647,0.1474844494324861
587,2019-04-12,5081.5,220667543.59,0.1042716014739209,0.006524632766570982,-0.026809216139516784,0.13348660836742762
588,2019-04-13,5080.66,118956124.9,0.13234520413530595,-0.00016530552002364372,0.02807360266138506,0.1256664204029238
589,2019-04-14,5165.59,108148233.81,0.217511120058775,0.016716332130077647,0.08516591592346903,0.12653521317832284
590,2019-04-15,5037.27,205867031.18,0.13385552773581263,-0.02484130563982037,-0.08365559232296235,0.13556597672847034
591,2019-04-16,5212.81,207311534.31,0.17387190356335894,0.034848241210020496,0.0400163758275463,0.15609897747547893
592,2019-04-17,5236.26,194699629.15,0.16392656840455697,0.00449853342055433,-0.009945335158801971,0.15098039185502365
593,2019-04-18,5289.75,187312150.44,0.11522252629401783,0.010215306344604694,-0.048704042110539136,0.1487149216665351
594,2019-04-19,5295.53,158699049.55,0.07382199593764488,0.0010926792381492027,-0.04140053035637295,0.14436497801849568
595,2019-04-20,5326.18,123577001.56,0.19989119644985445,0.005787900361248175,0.12606920051220957,0.1540144054920026
596,2019-04-21,5305.74,134681237.4,0.20409960190162574,-0.003837647244366602,0.0042084054517712854,0.15209847432669557
597,2019-04-22,5394.67,242498187.66,0.2465096626043358,0.01676109270337414,0.042410060702710056,0.16819192216505602
598,2019-04-23,5539.1,368556751.66,0.18746924876364746,0.026772721964457565,-0.05904041384068834,0.17013440005081154
599,2019-04-24,5454.58,339093001.24,0.079715572169726,-0.015258796555397164,-0.10775367659392146,0.15810425773154996
600,2019-04-25,5162.67,374798664.87,0.12596163394051313,-0.05351649439553547,0.046246061770787134,0.1596384159667636
601,2019-04-26,5234.09,366773360.18,0.0021137313132647516,0.013833927018383912,-0.12384790262724837,0.1493943781632807
602,2019-04-27,5229.48,113430273.96,0.09563736966954343,-0.0008807643735588387,0.09352363835627868,0.13450097433752198
603,2019-04-28,5272.45,133564683.52,0.08716303715067283,0.008216878159970065,-0.0084743325188706,0.11779575080167157
604,2019-04-29,5237.96,167206787.27,0.12323489279108167,-0.006541550891900309,0.03607185564040884,0.10018506939977811
605,2019-04-30,5350.64,172540196.26,0.1811407827370489,0.021512191769314827,0.05790588994596722,0.09928100282454976
606,2019-05-01,5389.54,147345369.73,0.16387708958114325,0.007270158336198966,-0.017263693155905646,0.1113040767404665
607,2019-05-02,5500.72,192256639.91,0.16390846403056525,0.02062884773097524,3.1374449422000295e-05,0.11672505246761679
608,2019-05-03,5753.38,432335283.61,0.18739319561099316,0.045932168879710265,0.02348473158042791,0.14319354736729228
609,2019-05-04,5840.08,263390273.68,0.1859629294952816,0.015069402681554116,-0.0014302661157115648,0.15609719877096917
610,2019-05-05,5794.14,147662500.76,0.17841670589887343,-0.007866330598210914,-0.007546223596408164,0.16913343716356927
611,2019-05-06,5748.17,200316185.51,0.10293211264748116,-0.007933878021587371,-0.07548459325139227,0.16623304000019776
612,2019-05-07,5819.57,353043890.95,0.1733232333250346,0.012421344532259768,0.07039112067755345,0.16511624722705287
613,2019-05-08,5998.71,241917027.36,-0.0026577143125929687,0.030782343025343856,-0.17598094763762756,0.14132556095651913
614,2019-05-09,6171.96,310336580.16,0.058121831257869926,0.028881209460033908,0.060779545570462896,0.12621318484613409
615,2019-05-10,6358.29,430403405.14,0.13807522664846233,0.030189761437209563,0.0799533953905924,0.1191677607086297
616,2019-05-11,7191.36,933141315.95,0.2811246683303612,0.13102107642149063,0.14304944168189887,0.13276229482792679
617,2019-05-12,6977.63,1023203366.46,0.14125816281960346,-0.02972038668624566,-0.13986650551075774,0.12745393153088821
618,2019-05-13,7806.36,1140302646.6,0.224850893395767,0.11876955355901639,0.08359273057616354,0.14487090020921475
619,2019-05-14,7980.13,976094121.29,0.1805701156875865,0.02226005462212868,-0.04428077770818051,0.14590616911815074
620,2019-05-15,8183.83,694202804.31,0.1827996882006838,0.02552589995401075,0.0022295725130973,0.17240008376290455
621,2019-05-16,7874.11,762104107.69,0.15574460374842058,-0.03784536091292222,-0.027055084452263206,0.18634619411869752
622,2019-05-17,7371.96,1023961962.83,0.18212029641342634,-0.0637722866457288,0.02637569266500575,0.1926383469422638
623,2019-05-18,7266.08,303317486.98,0.1575387785815352,-0.014362530453230906,-0.024581517831891136,0.17498321983528867
624,2019-05-19,8193.14,723011166.2,0.1778860055518563,0.12758736485147418,0.020347226970321097,0.18021576879703907
625,2019-05-20,7998.29,637617163.27,0.17019065986523077,-0.023782090871143354,-0.0076953456866255265,0.17240716400696246
626,2019-05-21,7947.93,357803946.85,0.1072906220911393,-0.006296345843924098,-0.06290003777409146,0.16193866492175574
627,2019-05-22,7626.89,424501866.33,0.1580601088847358,-0.04039290733562072,0.05076948679359648,0.15840443930519174
628,2019-05-23,7876.5,386766321.19,0.25998751500859335,0.03272762554593021,0.10192740612385756,0.17329628377093068
629,2019-05-24,7996.4,413162746.86,0.11334861937786789,0.01522249730210114,-0.14663889563072546,0.16347175848013662
630,2019-05-25,8059.13,179206342.03,0.23071762226460918,0.007844780151068041,0.11736900288674129,0.17392587900629006
631,2019-05-26,8726.23,483663699.62,0.2317598457777824,0.08277568422397945,0.0010422235131732072,0.18162214189570805
632,2019-05-27,8785.17,507164714.76,0.27130007205877327,0.006754348670617267,0.03954022628099088,0.1960663436376427
633,2019-05-28,8718.85,360752199.95,0.17265451857426423,-0.007549085561235549,-0.09864555348450904,0.20540404313523197
634,2019-05-29,8664.56,380343928.72,0.10517457578896973,-0.006226738618051793,-0.0674799427852945,0.19784896697869397
635,2019-05-30,8276.25,815525590.67,0.09280392586414453,-0.044815893709547805,-0.0123706499248252,0.17396559710091555
636,2019-05-31,8550.67,502056527.56,0.13747891704232545,0.03315752907415799,0.044674991178180926,0.17741278248155234
637,2019-06-01,8555.87,229736992.43,0.19922188323190673,0.0006081394791286212,0.06174296618958128,0.17291339119116628
638,2019-06-02,8737.91,221708083.06,0.21577456248836843,0.021276620612515038,0.0165526792564617,0.17062977929267859
639,2019-06-03,8114.49,534972187.72,0.1832320813618742,-0.07134658058963758,-0.032542481126494244,0.15804863776455016
640,2019-06-04,7677.47,809220381.24,0.04941927532675112,-0.053856742691161065,-0.13381280603512308,0.1404436030149054
641,2019-06-05,7791.29,387021977.02,0.12412442899163006,0.014825196321183893,0.07470515366487895,0.14315072490099975
642,2019-06-06,7807.36,342084400.02,0.1399691430385383,0.002062559601811729,0.015844714046908237,0.1498886130687703
643,2019-06-07,8002.63,407241297.23,0.06936947379860142,0.025011015247151464,-0.07059966923993688,0.1401586926053812
644,2019-06-08,7933.78,186055499.51,0.09502099432877403,-0.008603421625140781,0.02565152053017261,0.1252728513335051
645,2019-06-09,7643.44,234551796.21,0.14867805832957948,-0.0365954185772734,0.05365706400080544,0.11568763645367808
646,2019-06-10,8021.0,339520552.04,0.21244263078375966,0.04939660676344688,0.06376457245418019,0.11986057208537601
647,2019-06-11,7917.32,282632009.38,0.09052771167311682,-0.012926069068694713,-0.12191491911064284,0.12573320584914252
648,2019-06-12,8174.14,399065678.38,0.17051981751799283,0.03243774408511979,0.07999210584487601,0.13236111849576576
649,2019-06-13,8235.57,315594036.87,0.19172018705560914,0.007515163674710658,0.02120036953761631,0.13975412478391872
650,2019-06-14,8693.96,424131990.84,0.16558578887666817,0.05565977825457126,-0.026134398178940976,0.15349931265221395
651,2019-06-15,8853.56,333656492.38,0.20085101451508064,0.018357572383585888,0.03526522563841247,0.16861788696454344
652,2019-06-16,8979.18,767025702.52,0.21245471826438697,0.014188642760652303,0.011603703749306332,0.17772883838380166
653,2019-06-17,9336.01,606269265.79,0.16026987088374667,0.03973970897119781,-0.052184847380640303,0.1702755869695141
654,2019-06-18,9081.71,473016555.83,0.23294121496325723,-0.027238616925217635,0.07267134407951056,0.19062037315381986
655,2019-06-19,9280.54,293070485.25,0.18915951223138716,0.021893453986088718,-0.04378170273187007,0.19328318668430475
656,2019-06-20,9536.85,424436854.57,0.0741193602689099,0.02761800498677873,-0.11504015196247726,0.17648306857191914
657,2019-06-21,10218.87,765543626.6,0.20556149581987437,0.07151417921011659,0.13144213555096446,0.18219388384952004
658,2019-06-22,10689.54,1240328392.49,0.14258932873760224,0.04605890866602668,-0.06297216708227213,0.17387078588130886
659,2019-06-23,10855.99,619160985.99,0.12585348921674067,0.015571296800423488,-0.01673583952086158,0.1614991817316451
660,2019-06-24,11035.74,565444720.43,0.07999108356764537,0.016557679216727357,-0.0458624056490953,0.1500307835436306
661,2019-06-25,11740.34,953962631.15,0.19164555218604692,0.06384710042099581,0.11165446861840156,0.1441314031468863
662,2019-06-26,12913.28,2685872365.1,0.13093849569008298,0.09990681700870678,-0.060707056495963946,0.13581411506955712
663,2019-06-27,11154.09,2345027203.81,0.02196667000281511,-0.13623107374733612,-0.10897182568726788,0.12836373074582932
664,2019-06-28,12355.06,1408438810.31,0.1235665646126999,0.10767081850693327,0.10159989460988478,0.1166501691448044
665,2019-06-29,11884.1,968516834.6,0.15555665828071424,-0.03811879505239142,0.03199009366801435,0.1185026447938204
666,2019-06-30,10769.05,917158052.37,0.18984632716482133,-0.09382704622142199,0.03428966888410709,0.12764447878640334
667,2019-07-01,10591.87,1225129699.57,0.20454603889103587,-0.016452704741829454,0.014699711726214537,0.14543804383260198
668,2019-07-02,10844.13,1239524970.43,0.10462240838246575,0.02381637992158121,-0.09992363050857012,0.13300616614637611
669,2019-07-03,11981.61,1313585829.89,0.11686640496052586,0.10489361525544248,0.012243996578060107,0.13099586747072509
670,2019-07-04,11156.52,831236841.56,0.2041741624465874,-0.0688630325974556,0.08730775748606154,0.15702550924840683
671,2019-07-05,10993.25,734424868.07,0.13846736502450976,-0.014634491759079035,-0.06570679742207763,0.15915419502152253
672,2019-07-06,11248.94,549769169.13,0.22405184501712283,0.02325881791099088,0.08558447999261307,0.16893922169815237
673,2019-07-07,11474.28,418161890.29,0.17691111059865067,0.020032109692113224,-0.04714073441847216,0.16709133361727083
674,2019-07-08,12296.16,762033323.29,0.05551000867899419,0.07162802371913525,-0.12140110191965647,0.14580047215840772
675,2019-07-09,12567.02,993891866.34,0.1915745653100187,0.02202801525028957,0.1360645566310245,0.15822220886234387
676,2019-07-10,12099.12,1554955347.89,0.12206437402952636,-0.03723237489874287,-0.06951019128049235,0.15896477587220106
677,2019-07-11,11343.12,1185222449.66,0.026991873781081033,-0.06248388312538432,-0.09507250024844532,0.1336530203485573
678,2019-07-12,11797.37,647690095.15,0.13317126776930838,0.040046301194027745,0.10617939398822734,0.13289643502638568
679,2019-07-13,11363.97,668325183.28,0.0983913083546568,-0.03673700155204096,-0.034779959414651576,0.11494492978889052
680,2019-07-14,10204.41,814667763.32,0.06239849948249244,-0.10203828415597714,-0.03599280887216436,0.09858598534372508
681,2019-07-15,10850.26,965178341.63,0.13502003642310462,0.06329126328714746,0.07262153694061219,0.10994456073574087
682,2019-07-16,9423.44,1140137759.72,0.0044158460087587465,-0.1315009962894898,-0.13060419041434587,0.08320760083556088
683,2019-07-17,9696.15,965256823.84,0.10583197718688805,0.02893953800310705,0.10141613117812931,0.08088868700089827
684,2019-07-18,10638.35,1033842556.65,0.18824667489274066,0.09717258912042416,0.08241469770585261,0.1039250871597068
685,2019-07-19,10532.94,658190962.53,0.06320328240846494,-0.009908491448391888,-0.1250433924842757,0.0939296606795863
686,2019-07-20,10759.42,608954333.23,0.18889079397154362,0.021502068748136757,0.12568751156307867,0.10685815862485584
687,2019-07-21,10586.71,405339891.1,0.16114004741917798,-0.01605198049709008,-0.027750746552365646,0.12096409404438235
688,2019-07-22,10325.87,524442852.25,0.11137089331774125,-0.024638438192790615,-0.04976915410143673,0.11758564502933044
689,2019-07-23,9854.15,529438124.08,0.07891382061995583,-0.045683317725286214,-0.032457072697785416,0.12822821283093003
690,2019-07-24,9772.14,531611909.42,0.1411111064949755,-0.008322381940603727,0.06219728587501966,0.13326808844637109
691,2019-07-25,9882.43,403576364.36,0.09539267474257636,0.011286166591964594,-0.04571843175239913,0.1200032312820619
692,2019-07-26,9847.45,312717110.04,0.13651655859539155,-0.003539615256571467,0.04112388385281519,0.13047655645162284
693,2019-07-27,9478.32,512612117.07,0.11144962964763372,-0.037484831098406286,-0.025066928947757833,0.11941353297677858
694,2019-07-28,9531.77,267243770.14,0.11222743106087289,0.005639185003249598,0.0007778014132391736,0.11242601635416356
695,2019-07-29,9506.93,299936368.39,0.15180524367626902,-0.0026060217567146654,0.03957781261539613,0.11820235211966754
696,2019-07-30,9595.52,276402322.56,0.1404982779963125,0.009318465582475115,-0.01130696567995651,0.12700013174486133
697,2019-07-31,10089.25,416343142.53,0.12781458615232816,0.051454220302807926,-0.012683691843984352,0.12510062883876885
698,2019-08-01,10409.79,442037342.05,0.061158800783727374,0.0317704487449514,-0.06665578536860078,0.12021007541607613
699,2019-08-02,10528.99,463688251.79,0.1722400517753501,0.011450759333281353,0.11108125099162272,0.12531343158464164
700,2019-08-03,10820.41,367536516.75,0.16395625667692765,0.027677868437523456,-0.008283795098422447,0.1328143783031122
701,2019-08-04,10978.91,431699306.35,0.12304992399054308,0.014648243458427176,-0.040906332686384564,0.13436044872163655
702,2019-08-05,11807.96,870917186.96,0.20612654793044705,0.07551296075839944,0.08307662393990396,0.14212063504366199
703,2019-08-06,11467.1,949534020.01,0.10294205178007937,-0.028866967706530067,-0.10318449615036768,0.1367554598699144
704,2019-08-07,11974.28,834719365.81,0.03512565401612276,0.04422914250333566,-0.0678163977639566,0.12351418385045647
705,2019-08-08,11982.8,588463519.89,0.09159225334878365,0.0007115250353255993,0.05646659933266089,0.1278618199311788
706,2019-08-09,11865.21,464214586.73,0.0717891537276769,-0.00981323229962948,-0.019803099621106754,0.11351169163865406
707,2019-08-10,11293.59,470049694.45,0.08291488280076567,-0.04817613847542513,0.011125729073088772,0.10193435251348805
708,2019-08-11,11549.06,292814721.19,0.1789454787249128,0.022620796398665027,0.09603059592414712,0.10991943176125515
709,2019-08-12,11387.41,229908138.9,0.1374404829997548,-0.013996810130001891,-0.04150499572515798,0.10010713677115625
710,2019-08-13,10872.0,483240069.77,0.14905846361097988,-0.04526138955214574,0.01161798061122507,0.10669519560414205
711,2019-08-14,10031.89,728247545.72,0.10012731432537056,-0.07727281089036062,-0.04893114928560932,0.11598114707689174
712,2019-08-15,10308.51,842979140.9,0.08685649146656699,0.027574066302561213,-0.013270822858803571,0.11530460966514651
